/vol/ciamspace/datasets/ixi/processed/skull_stripped/IXI489.nii.gz,
/vol/ciamspace/datasets/ixi/processed/skull_stripped/IXI050.nii.gz,
/vol/ciamspace/datasets/ixi/processed/skull_stripped/IXI163.nii.gz,
/vol/ciamspace/datasets/ixi/processed/skull_stripped/IXI025.nii.gz,
/vol/ciamspace/datasets/ixi/processed/skull_stripped/IXI400.nii.gz,
/vol/ciamspace/datasets/ixi/processed/skull_stripped/IXI073.nii.gz,
/vol/ciamspace/datasets/ixi/processed/skull_stripped/IXI653.nii.gz,
/vol/ciamspace/datasets/ixi/processed/skull_stripped/IXI434.nii.gz,
/vol/ciamspace/datasets/ixi/processed/skull_stripped/IXI049.nii.gz,
/vol/ciamspace/datasets/ixi/processed/skull_stripped/IXI476.nii.gz,
/vol/ciamspace/datasets/ixi/processed/skull_stripped/IXI167.nii.gz,
/vol/ciamspace/datasets/ixi/processed/skull_stripped/IXI438.nii.gz,
/vol/ciamspace/datasets/ixi/processed/skull_stripped/IXI065.nii.gz,
/vol/ciamspace/datasets/ixi/processed/skull_stripped/IXI112.nii.gz,
/vol/ciamspace/datasets/ixi/processed/skull_stripped/IXI436.nii.gz,
/vol/ciamspace/datasets/ixi/processed/skull_stripped/IXI252.nii.gz,
/vol/ciamspace/datasets/ixi/processed/skull_stripped/IXI324.nii.gz,
/vol/ciamspace/datasets/ixi/processed/skull_stripped/IXI441.nii.gz,
/vol/ciamspace/datasets/ixi/processed/skull_stripped/IXI205.nii.gz,
/vol/ciamspace/datasets/ixi/processed/skull_stripped/IXI078.nii.gz,
/vol/ciamspace/datasets/ixi/processed/skull_stripped/IXI377.nii.gz,
/vol/ciamspace/datasets/ixi/processed/skull_stripped/IXI093.nii.gz,
/vol/ciamspace/datasets/ixi/processed/skull_stripped/IXI458.nii.gz,
/vol/ciamspace/datasets/ixi/processed/skull_stripped/IXI523.nii.gz,
/vol/ciamspace/datasets/ixi/processed/skull_stripped/IXI257.nii.gz,
/vol/ciamspace/datasets/ixi/processed/skull_stripped/IXI337.nii.gz,
/vol/ciamspace/datasets/ixi/processed/skull_stripped/IXI428.nii.gz,
/vol/ciamspace/datasets/ixi/processed/skull_stripped/IXI153.nii.gz,
/vol/ciamspace/datasets/ixi/processed/skull_stripped/IXI535.nii.gz,
/vol/ciamspace/datasets/ixi/processed/skull_stripped/IXI251.nii.gz,
/vol/ciamspace/datasets/ixi/processed/skull_stripped/IXI121.nii.gz,
/vol/ciamspace/datasets/ixi/processed/skull_stripped/IXI524.nii.gz,
/vol/ciamspace/datasets/ixi/processed/skull_stripped/IXI585.nii.gz,
/vol/ciamspace/datasets/ixi/processed/skull_stripped/IXI444.nii.gz,
/vol/ciamspace/datasets/ixi/processed/skull_stripped/IXI314.nii.gz,
/vol/ciamspace/datasets/ixi/processed/skull_stripped/IXI534.nii.gz,
/vol/ciamspace/datasets/ixi/processed/skull_stripped/IXI039.nii.gz,
/vol/ciamspace/datasets/ixi/processed/skull_stripped/IXI217.nii.gz,
/vol/ciamspace/datasets/ixi/processed/skull_stripped/IXI359.nii.gz,
/vol/ciamspace/datasets/ixi/processed/skull_stripped/IXI532.nii.gz,
/vol/ciamspace/datasets/ixi/processed/skull_stripped/IXI508.nii.gz,
/vol/ciamspace/datasets/ixi/processed/skull_stripped/IXI395.nii.gz,
/vol/ciamspace/datasets/ixi/processed/skull_stripped/IXI303.nii.gz,
/vol/ciamspace/datasets/ixi/processed/skull_stripped/IXI095.nii.gz,
/vol/ciamspace/datasets/ixi/processed/skull_stripped/IXI028.nii.gz,
/vol/ciamspace/datasets/ixi/processed/skull_stripped/IXI085.nii.gz,
/vol/ciamspace/datasets/ixi/processed/skull_stripped/IXI064.nii.gz,
/vol/ciamspace/datasets/ixi/processed/skull_stripped/IXI233.nii.gz,
/vol/ciamspace/datasets/ixi/processed/skull_stripped/IXI478.nii.gz,
/vol/ciamspace/datasets/ixi/processed/skull_stripped/IXI621.nii.gz,
/vol/ciamspace/datasets/ixi/processed/skull_stripped/IXI120.nii.gz,
/vol/ciamspace/datasets/ixi/processed/skull_stripped/IXI201.nii.gz,
/vol/ciamspace/datasets/ixi/processed/skull_stripped/IXI335.nii.gz,
/vol/ciamspace/datasets/ixi/processed/skull_stripped/IXI062.nii.gz,
/vol/ciamspace/datasets/ixi/processed/skull_stripped/IXI494.nii.gz,
/vol/ciamspace/datasets/ixi/processed/skull_stripped/IXI287.nii.gz,
/vol/ciamspace/datasets/ixi/processed/skull_stripped/IXI046.nii.gz,
/vol/ciamspace/datasets/ixi/processed/skull_stripped/IXI483.nii.gz,
/vol/ciamspace/datasets/ixi/processed/skull_stripped/IXI099.nii.gz,
/vol/ciamspace/datasets/ixi/processed/skull_stripped/IXI143.nii.gz,
/vol/ciamspace/datasets/ixi/processed/skull_stripped/IXI091.nii.gz,
/vol/ciamspace/datasets/ixi/processed/skull_stripped/IXI137.nii.gz,
/vol/ciamspace/datasets/ixi/processed/skull_stripped/IXI575.nii.gz,
/vol/ciamspace/datasets/ixi/processed/skull_stripped/IXI425.nii.gz,
/vol/ciamspace/datasets/ixi/processed/skull_stripped/IXI537.nii.gz,
/vol/ciamspace/datasets/ixi/processed/skull_stripped/IXI265.nii.gz,
/vol/ciamspace/datasets/ixi/processed/skull_stripped/IXI422.nii.gz,
/vol/ciamspace/datasets/ixi/processed/skull_stripped/IXI457.nii.gz,
/vol/ciamspace/datasets/ixi/processed/skull_stripped/IXI379.nii.gz,
/vol/ciamspace/datasets/ixi/processed/skull_stripped/IXI555.nii.gz,
/vol/ciamspace/datasets/ixi/processed/skull_stripped/IXI586.nii.gz,
/vol/ciamspace/datasets/ixi/processed/skull_stripped/IXI550.nii.gz,
/vol/ciamspace/datasets/ixi/processed/skull_stripped/IXI298.nii.gz,
/vol/ciamspace/datasets/ixi/processed/skull_stripped/IXI605.nii.gz,
/vol/ciamspace/datasets/ixi/processed/skull_stripped/IXI507.nii.gz,
/vol/ciamspace/datasets/ixi/processed/skull_stripped/IXI401.nii.gz,
/vol/ciamspace/datasets/ixi/processed/skull_stripped/IXI497.nii.gz,
/vol/ciamspace/datasets/ixi/processed/skull_stripped/IXI364.nii.gz,
/vol/ciamspace/datasets/ixi/processed/skull_stripped/IXI165.nii.gz,
/vol/ciamspace/datasets/ixi/processed/skull_stripped/IXI541.nii.gz,
/vol/ciamspace/datasets/ixi/processed/skull_stripped/IXI063.nii.gz,
/vol/ciamspace/datasets/ixi/processed/skull_stripped/IXI399.nii.gz,
/vol/ciamspace/datasets/ixi/processed/skull_stripped/IXI282.nii.gz,
/vol/ciamspace/datasets/ixi/processed/skull_stripped/IXI603.nii.gz,
/vol/ciamspace/datasets/ixi/processed/skull_stripped/IXI096.nii.gz,
/vol/ciamspace/datasets/ixi/processed/skull_stripped/IXI373.nii.gz,
/vol/ciamspace/datasets/ixi/processed/skull_stripped/IXI104.nii.gz,
/vol/ciamspace/datasets/ixi/processed/skull_stripped/IXI614.nii.gz,
/vol/ciamspace/datasets/ixi/processed/skull_stripped/IXI577.nii.gz,
/vol/ciamspace/datasets/ixi/processed/skull_stripped/IXI034.nii.gz,
/vol/ciamspace/datasets/ixi/processed/skull_stripped/IXI637.nii.gz,
/vol/ciamspace/datasets/ixi/processed/skull_stripped/IXI307.nii.gz,
/vol/ciamspace/datasets/ixi/processed/skull_stripped/IXI181.nii.gz,
/vol/ciamspace/datasets/ixi/processed/skull_stripped/IXI482.nii.gz,
/vol/ciamspace/datasets/ixi/processed/skull_stripped/IXI130.nii.gz,
/vol/ciamspace/datasets/ixi/processed/skull_stripped/IXI088.nii.gz,
/vol/ciamspace/datasets/ixi/processed/skull_stripped/IXI214.nii.gz,
/vol/ciamspace/datasets/ixi/processed/skull_stripped/IXI510.nii.gz,
/vol/ciamspace/datasets/ixi/processed/skull_stripped/IXI643.nii.gz,
/vol/ciamspace/datasets/ixi/processed/skull_stripped/IXI196.nii.gz,
/vol/ciamspace/datasets/ixi/processed/skull_stripped/IXI593.nii.gz,
/vol/ciamspace/datasets/ixi/processed/skull_stripped/IXI318.nii.gz,
/vol/ciamspace/datasets/ixi/processed/skull_stripped/IXI579.nii.gz,
/vol/ciamspace/datasets/ixi/processed/skull_stripped/IXI035.nii.gz,
/vol/ciamspace/datasets/ixi/processed/skull_stripped/IXI372.nii.gz,
/vol/ciamspace/datasets/ixi/processed/skull_stripped/IXI079.nii.gz,
/vol/ciamspace/datasets/ixi/processed/skull_stripped/IXI384.nii.gz,
/vol/ciamspace/datasets/ixi/processed/skull_stripped/IXI427.nii.gz,
/vol/ciamspace/datasets/ixi/processed/skull_stripped/IXI022.nii.gz,
/vol/ciamspace/datasets/ixi/processed/skull_stripped/IXI596.nii.gz,
/vol/ciamspace/datasets/ixi/processed/skull_stripped/IXI360.nii.gz,
/vol/ciamspace/datasets/ixi/processed/skull_stripped/IXI491.nii.gz,
/vol/ciamspace/datasets/ixi/processed/skull_stripped/IXI114.nii.gz,
/vol/ciamspace/datasets/ixi/processed/skull_stripped/IXI117.nii.gz,
/vol/ciamspace/datasets/ixi/processed/skull_stripped/IXI045.nii.gz,
/vol/ciamspace/datasets/ixi/processed/skull_stripped/IXI048.nii.gz,
/vol/ciamspace/datasets/ixi/processed/skull_stripped/IXI037.nii.gz,
/vol/ciamspace/datasets/ixi/processed/skull_stripped/IXI106.nii.gz,
/vol/ciamspace/datasets/ixi/processed/skull_stripped/IXI452.nii.gz,
/vol/ciamspace/datasets/ixi/processed/skull_stripped/IXI661.nii.gz,
/vol/ciamspace/datasets/ixi/processed/skull_stripped/IXI418.nii.gz,
/vol/ciamspace/datasets/ixi/processed/skull_stripped/IXI519.nii.gz,
/vol/ciamspace/datasets/ixi/processed/skull_stripped/IXI631.nii.gz,
/vol/ciamspace/datasets/ixi/processed/skull_stripped/IXI367.nii.gz,
/vol/ciamspace/datasets/ixi/processed/skull_stripped/IXI135.nii.gz,
/vol/ciamspace/datasets/ixi/processed/skull_stripped/IXI417.nii.gz,
/vol/ciamspace/datasets/ixi/processed/skull_stripped/IXI087.nii.gz,
/vol/ciamspace/datasets/ixi/processed/skull_stripped/IXI563.nii.gz,
/vol/ciamspace/datasets/ixi/processed/skull_stripped/IXI094.nii.gz,
/vol/ciamspace/datasets/ixi/processed/skull_stripped/IXI297.nii.gz,
/vol/ciamspace/datasets/ixi/processed/skull_stripped/IXI043.nii.gz,
/vol/ciamspace/datasets/ixi/processed/skull_stripped/IXI250.nii.gz,
/vol/ciamspace/datasets/ixi/processed/skull_stripped/IXI164.nii.gz,
/vol/ciamspace/datasets/ixi/processed/skull_stripped/IXI485.nii.gz,
/vol/ciamspace/datasets/ixi/processed/skull_stripped/IXI236.nii.gz,
/vol/ciamspace/datasets/ixi/processed/skull_stripped/IXI264.nii.gz,
/vol/ciamspace/datasets/ixi/processed/skull_stripped/IXI189.nii.gz,
/vol/ciamspace/datasets/ixi/processed/skull_stripped/IXI308.nii.gz,
/vol/ciamspace/datasets/ixi/processed/skull_stripped/IXI493.nii.gz,
/vol/ciamspace/datasets/ixi/processed/skull_stripped/IXI465.nii.gz,
/vol/ciamspace/datasets/ixi/processed/skull_stripped/IXI274.nii.gz,
/vol/ciamspace/datasets/ixi/processed/skull_stripped/IXI455.nii.gz,
/vol/ciamspace/datasets/ixi/processed/skull_stripped/IXI276.nii.gz,
/vol/ciamspace/datasets/ixi/processed/skull_stripped/IXI103.nii.gz,
/vol/ciamspace/datasets/ixi/processed/skull_stripped/IXI442.nii.gz,
/vol/ciamspace/datasets/ixi/processed/skull_stripped/IXI598.nii.gz,
/vol/ciamspace/datasets/ixi/processed/skull_stripped/IXI448.nii.gz,
/vol/ciamspace/datasets/ixi/processed/skull_stripped/IXI053.nii.gz,
/vol/ciamspace/datasets/ixi/processed/skull_stripped/IXI618.nii.gz,
/vol/ciamspace/datasets/ixi/processed/skull_stripped/IXI633.nii.gz,
/vol/ciamspace/datasets/ixi/processed/skull_stripped/IXI150.nii.gz,
/vol/ciamspace/datasets/ixi/processed/skull_stripped/IXI506.nii.gz,
/vol/ciamspace/datasets/ixi/processed/skull_stripped/IXI644.nii.gz,
/vol/ciamspace/datasets/ixi/processed/skull_stripped/IXI131.nii.gz,
/vol/ciamspace/datasets/ixi/processed/skull_stripped/IXI129.nii.gz,
/vol/ciamspace/datasets/ixi/processed/skull_stripped/IXI561.nii.gz,
/vol/ciamspace/datasets/ixi/processed/skull_stripped/IXI556.nii.gz,
/vol/ciamspace/datasets/ixi/processed/skull_stripped/IXI248.nii.gz,
/vol/ciamspace/datasets/ixi/processed/skull_stripped/IXI066.nii.gz,
/vol/ciamspace/datasets/ixi/processed/skull_stripped/IXI619.nii.gz,
/vol/ciamspace/datasets/ixi/processed/skull_stripped/IXI051.nii.gz,
/vol/ciamspace/datasets/ixi/processed/skull_stripped/IXI426.nii.gz,
/vol/ciamspace/datasets/ixi/processed/skull_stripped/IXI206.nii.gz,
/vol/ciamspace/datasets/ixi/processed/skull_stripped/IXI648.nii.gz,
/vol/ciamspace/datasets/ixi/processed/skull_stripped/IXI330.nii.gz,
/vol/ciamspace/datasets/ixi/processed/skull_stripped/IXI569.nii.gz,
/vol/ciamspace/datasets/ixi/processed/skull_stripped/IXI410.nii.gz,
/vol/ciamspace/datasets/ixi/processed/skull_stripped/IXI338.nii.gz,
/vol/ciamspace/datasets/ixi/processed/skull_stripped/IXI419.nii.gz,
/vol/ciamspace/datasets/ixi/processed/skull_stripped/IXI075.nii.gz,
/vol/ciamspace/datasets/ixi/processed/skull_stripped/IXI119.nii.gz,
/vol/ciamspace/datasets/ixi/processed/skull_stripped/IXI290.nii.gz,
/vol/ciamspace/datasets/ixi/processed/skull_stripped/IXI113.nii.gz,
/vol/ciamspace/datasets/ixi/processed/skull_stripped/IXI387.nii.gz,
/vol/ciamspace/datasets/ixi/processed/skull_stripped/IXI453.nii.gz,
/vol/ciamspace/datasets/ixi/processed/skull_stripped/IXI333.nii.gz,
/vol/ciamspace/datasets/ixi/processed/skull_stripped/IXI511.nii.gz,
/vol/ciamspace/datasets/ixi/processed/skull_stripped/IXI398.nii.gz,
/vol/ciamspace/datasets/ixi/processed/skull_stripped/IXI566.nii.gz,
/vol/ciamspace/datasets/ixi/processed/skull_stripped/IXI402.nii.gz,
/vol/ciamspace/datasets/ixi/processed/skull_stripped/IXI207.nii.gz,
/vol/ciamspace/datasets/ixi/processed/skull_stripped/IXI512.nii.gz,
/vol/ciamspace/datasets/ixi/processed/skull_stripped/IXI100.nii.gz,
/vol/ciamspace/datasets/ixi/processed/skull_stripped/IXI105.nii.gz,
/vol/ciamspace/datasets/ixi/processed/skull_stripped/IXI151.nii.gz,
/vol/ciamspace/datasets/ixi/processed/skull_stripped/IXI490.nii.gz,
/vol/ciamspace/datasets/ixi/processed/skull_stripped/IXI565.nii.gz,
/vol/ciamspace/datasets/ixi/processed/skull_stripped/IXI553.nii.gz,
/vol/ciamspace/datasets/ixi/processed/skull_stripped/IXI429.nii.gz,
/vol/ciamspace/datasets/ixi/processed/skull_stripped/IXI322.nii.gz,
/vol/ciamspace/datasets/ixi/processed/skull_stripped/IXI500.nii.gz,
/vol/ciamspace/datasets/ixi/processed/skull_stripped/IXI601.nii.gz,
/vol/ciamspace/datasets/ixi/processed/skull_stripped/IXI356.nii.gz,
/vol/ciamspace/datasets/ixi/processed/skull_stripped/IXI239.nii.gz,
/vol/ciamspace/datasets/ixi/processed/skull_stripped/IXI247.nii.gz,
/vol/ciamspace/datasets/ixi/processed/skull_stripped/IXI111.nii.gz,
/vol/ciamspace/datasets/ixi/processed/skull_stripped/IXI424.nii.gz,
/vol/ciamspace/datasets/ixi/processed/skull_stripped/IXI071.nii.gz,
/vol/ciamspace/datasets/ixi/processed/skull_stripped/IXI495.nii.gz,
/vol/ciamspace/datasets/ixi/processed/skull_stripped/IXI074.nii.gz,
/vol/ciamspace/datasets/ixi/processed/skull_stripped/IXI179.nii.gz,
/vol/ciamspace/datasets/ixi/processed/skull_stripped/IXI617.nii.gz,
/vol/ciamspace/datasets/ixi/processed/skull_stripped/IXI197.nii.gz,
/vol/ciamspace/datasets/ixi/processed/skull_stripped/IXI487.nii.gz,
/vol/ciamspace/datasets/ixi/processed/skull_stripped/IXI242.nii.gz,
/vol/ciamspace/datasets/ixi/processed/skull_stripped/IXI340.nii.gz,
/vol/ciamspace/datasets/ixi/processed/skull_stripped/IXI642.nii.gz,
/vol/ciamspace/datasets/ixi/processed/skull_stripped/IXI423.nii.gz,
/vol/ciamspace/datasets/ixi/processed/skull_stripped/IXI554.nii.gz,
/vol/ciamspace/datasets/ixi/processed/skull_stripped/IXI594.nii.gz,
/vol/ciamspace/datasets/ixi/processed/skull_stripped/IXI311.nii.gz,
/vol/ciamspace/datasets/ixi/processed/skull_stripped/IXI061.nii.gz,
/vol/ciamspace/datasets/ixi/processed/skull_stripped/IXI630.nii.gz,
/vol/ciamspace/datasets/ixi/processed/skull_stripped/IXI058.nii.gz,
/vol/ciamspace/datasets/ixi/processed/skull_stripped/IXI183.nii.gz,
/vol/ciamspace/datasets/ixi/processed/skull_stripped/IXI023.nii.gz,
/vol/ciamspace/datasets/ixi/processed/skull_stripped/IXI161.nii.gz,
/vol/ciamspace/datasets/ixi/processed/skull_stripped/IXI014.nii.gz,
/vol/ciamspace/datasets/ixi/processed/skull_stripped/IXI070.nii.gz,
/vol/ciamspace/datasets/ixi/processed/skull_stripped/IXI291.nii.gz,
/vol/ciamspace/datasets/ixi/processed/skull_stripped/IXI503.nii.gz,
/vol/ciamspace/datasets/ixi/processed/skull_stripped/IXI383.nii.gz,
/vol/ciamspace/datasets/ixi/processed/skull_stripped/IXI413.nii.gz,
/vol/ciamspace/datasets/ixi/processed/skull_stripped/IXI576.nii.gz,
/vol/ciamspace/datasets/ixi/processed/skull_stripped/IXI517.nii.gz,
/vol/ciamspace/datasets/ixi/processed/skull_stripped/IXI097.nii.gz,
/vol/ciamspace/datasets/ixi/processed/skull_stripped/IXI375.nii.gz,
/vol/ciamspace/datasets/ixi/processed/skull_stripped/IXI568.nii.gz,
/vol/ciamspace/datasets/ixi/processed/skull_stripped/IXI518.nii.gz,
/vol/ciamspace/datasets/ixi/processed/skull_stripped/IXI038.nii.gz,
/vol/ciamspace/datasets/ixi/processed/skull_stripped/IXI334.nii.gz,
/vol/ciamspace/datasets/ixi/processed/skull_stripped/IXI286.nii.gz,
/vol/ciamspace/datasets/ixi/processed/skull_stripped/IXI042.nii.gz,
/vol/ciamspace/datasets/ixi/processed/skull_stripped/IXI122.nii.gz,
/vol/ciamspace/datasets/ixi/processed/skull_stripped/IXI403.nii.gz,
/vol/ciamspace/datasets/ixi/processed/skull_stripped/IXI599.nii.gz,
/vol/ciamspace/datasets/ixi/processed/skull_stripped/IXI102.nii.gz,
/vol/ciamspace/datasets/ixi/processed/skull_stripped/IXI148.nii.gz,
/vol/ciamspace/datasets/ixi/processed/skull_stripped/IXI177.nii.gz,
/vol/ciamspace/datasets/ixi/processed/skull_stripped/IXI266.nii.gz,
/vol/ciamspace/datasets/ixi/processed/skull_stripped/IXI538.nii.gz,
/vol/ciamspace/datasets/ixi/processed/skull_stripped/IXI625.nii.gz,
/vol/ciamspace/datasets/ixi/processed/skull_stripped/IXI219.nii.gz,
/vol/ciamspace/datasets/ixi/processed/skull_stripped/IXI345.nii.gz,
/vol/ciamspace/datasets/ixi/processed/skull_stripped/IXI433.nii.gz,
/vol/ciamspace/datasets/ixi/processed/skull_stripped/IXI194.nii.gz,
/vol/ciamspace/datasets/ixi/processed/skull_stripped/IXI146.nii.gz,
/vol/ciamspace/datasets/ixi/processed/skull_stripped/IXI409.nii.gz,
/vol/ciamspace/datasets/ixi/processed/skull_stripped/IXI451.nii.gz,
/vol/ciamspace/datasets/ixi/processed/skull_stripped/IXI261.nii.gz,
/vol/ciamspace/datasets/ixi/processed/skull_stripped/IXI327.nii.gz,
/vol/ciamspace/datasets/ixi/processed/skull_stripped/IXI054.nii.gz,
/vol/ciamspace/datasets/ixi/processed/skull_stripped/IXI092.nii.gz,
/vol/ciamspace/datasets/ixi/processed/skull_stripped/IXI134.nii.gz,
/vol/ciamspace/datasets/ixi/processed/skull_stripped/IXI492.nii.gz,
/vol/ciamspace/datasets/ixi/processed/skull_stripped/IXI516.nii.gz,
/vol/ciamspace/datasets/ixi/processed/skull_stripped/IXI302.nii.gz,
/vol/ciamspace/datasets/ixi/processed/skull_stripped/IXI447.nii.gz,
/vol/ciamspace/datasets/ixi/processed/skull_stripped/IXI504.nii.gz,
/vol/ciamspace/datasets/ixi/processed/skull_stripped/IXI551.nii.gz,
/vol/ciamspace/datasets/ixi/processed/skull_stripped/IXI526.nii.gz,
/vol/ciamspace/datasets/ixi/processed/skull_stripped/IXI325.nii.gz,
/vol/ciamspace/datasets/ixi/processed/skull_stripped/IXI632.nii.gz,
/vol/ciamspace/datasets/ixi/processed/skull_stripped/IXI299.nii.gz,
/vol/ciamspace/datasets/ixi/processed/skull_stripped/IXI268.nii.gz,
/vol/ciamspace/datasets/ixi/processed/skull_stripped/IXI057.nii.gz,
/vol/ciamspace/datasets/ixi/processed/skull_stripped/IXI479.nii.gz,
/vol/ciamspace/datasets/ixi/processed/skull_stripped/IXI256.nii.gz,
/vol/ciamspace/datasets/ixi/processed/skull_stripped/IXI342.nii.gz,
/vol/ciamspace/datasets/ixi/processed/skull_stripped/IXI515.nii.gz,
/vol/ciamspace/datasets/ixi/processed/skull_stripped/IXI159.nii.gz,
/vol/ciamspace/datasets/ixi/processed/skull_stripped/IXI351.nii.gz,
/vol/ciamspace/datasets/ixi/processed/skull_stripped/IXI260.nii.gz,
/vol/ciamspace/datasets/ixi/processed/skull_stripped/IXI086.nii.gz,
/vol/ciamspace/datasets/ixi/processed/skull_stripped/IXI662.nii.gz,
/vol/ciamspace/datasets/ixi/processed/skull_stripped/IXI262.nii.gz,
/vol/ciamspace/datasets/ixi/processed/skull_stripped/IXI277.nii.gz,
/vol/ciamspace/datasets/ixi/processed/skull_stripped/IXI142.nii.gz,
/vol/ciamspace/datasets/ixi/processed/skull_stripped/IXI306.nii.gz,
/vol/ciamspace/datasets/ixi/processed/skull_stripped/IXI336.nii.gz,
/vol/ciamspace/datasets/ixi/processed/skull_stripped/IXI600.nii.gz,
/vol/ciamspace/datasets/ixi/processed/skull_stripped/IXI030.nii.gz,
/vol/ciamspace/datasets/ixi/processed/skull_stripped/IXI350.nii.gz,
/vol/ciamspace/datasets/ixi/processed/skull_stripped/IXI382.nii.gz,
/vol/ciamspace/datasets/ixi/processed/skull_stripped/IXI460.nii.gz,
/vol/ciamspace/datasets/ixi/processed/skull_stripped/IXI270.nii.gz,
/vol/ciamspace/datasets/ixi/processed/skull_stripped/IXI623.nii.gz,
/vol/ciamspace/datasets/ixi/processed/skull_stripped/IXI185.nii.gz,
/vol/ciamspace/datasets/ixi/processed/skull_stripped/IXI552.nii.gz,
/vol/ciamspace/datasets/ixi/processed/skull_stripped/IXI368.nii.gz,
/vol/ciamspace/datasets/ixi/processed/skull_stripped/IXI469.nii.gz,
/vol/ciamspace/datasets/ixi/processed/skull_stripped/IXI162.nii.gz,
/vol/ciamspace/datasets/ixi/processed/skull_stripped/IXI192.nii.gz,
/vol/ciamspace/datasets/ixi/processed/skull_stripped/IXI613.nii.gz,
/vol/ciamspace/datasets/ixi/processed/skull_stripped/IXI369.nii.gz,
/vol/ciamspace/datasets/ixi/processed/skull_stripped/IXI348.nii.gz,
/vol/ciamspace/datasets/ixi/processed/skull_stripped/IXI459.nii.gz,
/vol/ciamspace/datasets/ixi/processed/skull_stripped/IXI216.nii.gz,
/vol/ciamspace/datasets/ixi/processed/skull_stripped/IXI193.nii.gz,
/vol/ciamspace/datasets/ixi/processed/skull_stripped/IXI284.nii.gz,
/vol/ciamspace/datasets/ixi/processed/skull_stripped/IXI209.nii.gz,
/vol/ciamspace/datasets/ixi/processed/skull_stripped/IXI110.nii.gz,
/vol/ciamspace/datasets/ixi/processed/skull_stripped/IXI414.nii.gz,
/vol/ciamspace/datasets/ixi/processed/skull_stripped/IXI505.nii.gz,
/vol/ciamspace/datasets/ixi/processed/skull_stripped/IXI641.nii.gz,
/vol/ciamspace/datasets/ixi/processed/skull_stripped/IXI394.nii.gz,
/vol/ciamspace/datasets/ixi/processed/skull_stripped/IXI640.nii.gz,
/vol/ciamspace/datasets/ixi/processed/skull_stripped/IXI027.nii.gz,
/vol/ciamspace/datasets/ixi/processed/skull_stripped/IXI246.nii.gz,
/vol/ciamspace/datasets/ixi/processed/skull_stripped/IXI076.nii.gz,
/vol/ciamspace/datasets/ixi/processed/skull_stripped/IXI166.nii.gz,
/vol/ciamspace/datasets/ixi/processed/skull_stripped/IXI244.nii.gz,
/vol/ciamspace/datasets/ixi/processed/skull_stripped/IXI221.nii.gz,
/vol/ciamspace/datasets/ixi/processed/skull_stripped/IXI068.nii.gz,
/vol/ciamspace/datasets/ixi/processed/skull_stripped/IXI572.nii.gz,
/vol/ciamspace/datasets/ixi/processed/skull_stripped/IXI309.nii.gz,
/vol/ciamspace/datasets/ixi/processed/skull_stripped/IXI056.nii.gz,
/vol/ciamspace/datasets/ixi/processed/skull_stripped/IXI582.nii.gz,
/vol/ciamspace/datasets/ixi/processed/skull_stripped/IXI634.nii.gz,
/vol/ciamspace/datasets/ixi/processed/skull_stripped/IXI002.nii.gz,
/vol/ciamspace/datasets/ixi/processed/skull_stripped/IXI127.nii.gz,
/vol/ciamspace/datasets/ixi/processed/skull_stripped/IXI474.nii.gz,
/vol/ciamspace/datasets/ixi/processed/skull_stripped/IXI607.nii.gz,
/vol/ciamspace/datasets/ixi/processed/skull_stripped/IXI606.nii.gz,
/vol/ciamspace/datasets/ixi/processed/skull_stripped/IXI169.nii.gz,
/vol/ciamspace/datasets/ixi/processed/skull_stripped/IXI430.nii.gz,
/vol/ciamspace/datasets/ixi/processed/skull_stripped/IXI468.nii.gz,
/vol/ciamspace/datasets/ixi/processed/skull_stripped/IXI363.nii.gz,
/vol/ciamspace/datasets/ixi/processed/skull_stripped/IXI154.nii.gz,
/vol/ciamspace/datasets/ixi/processed/skull_stripped/IXI021.nii.gz,
/vol/ciamspace/datasets/ixi/processed/skull_stripped/IXI031.nii.gz,
/vol/ciamspace/datasets/ixi/processed/skull_stripped/IXI269.nii.gz,
/vol/ciamspace/datasets/ixi/processed/skull_stripped/IXI029.nii.gz,
/vol/ciamspace/datasets/ixi/processed/skull_stripped/IXI573.nii.gz,
/vol/ciamspace/datasets/ixi/processed/skull_stripped/IXI415.nii.gz,
/vol/ciamspace/datasets/ixi/processed/skull_stripped/IXI310.nii.gz,
/vol/ciamspace/datasets/ixi/processed/skull_stripped/IXI195.nii.gz,
/vol/ciamspace/datasets/ixi/processed/skull_stripped/IXI393.nii.gz,
/vol/ciamspace/datasets/ixi/processed/skull_stripped/IXI072.nii.gz,
/vol/ciamspace/datasets/ixi/processed/skull_stripped/IXI213.nii.gz,
/vol/ciamspace/datasets/ixi/processed/skull_stripped/IXI609.nii.gz,
/vol/ciamspace/datasets/ixi/processed/skull_stripped/IXI232.nii.gz,
/vol/ciamspace/datasets/ixi/processed/skull_stripped/IXI182.nii.gz,
/vol/ciamspace/datasets/ixi/processed/skull_stripped/IXI610.nii.gz,
/vol/ciamspace/datasets/ixi/processed/skull_stripped/IXI229.nii.gz,
/vol/ciamspace/datasets/ixi/processed/skull_stripped/IXI158.nii.gz,
/vol/ciamspace/datasets/ixi/processed/skull_stripped/IXI578.nii.gz,
/vol/ciamspace/datasets/ixi/processed/skull_stripped/IXI539.nii.gz,
/vol/ciamspace/datasets/ixi/processed/skull_stripped/IXI432.nii.gz,
/vol/ciamspace/datasets/ixi/processed/skull_stripped/IXI357.nii.gz,
/vol/ciamspace/datasets/ixi/processed/skull_stripped/IXI180.nii.gz,
/vol/ciamspace/datasets/ixi/processed/skull_stripped/IXI608.nii.gz,
/vol/ciamspace/datasets/ixi/processed/skull_stripped/IXI528.nii.gz,
/vol/ciamspace/datasets/ixi/processed/skull_stripped/IXI521.nii.gz,
/vol/ciamspace/datasets/ixi/processed/skull_stripped/IXI380.nii.gz,
/vol/ciamspace/datasets/ixi/processed/skull_stripped/IXI353.nii.gz,
/vol/ciamspace/datasets/ixi/processed/skull_stripped/IXI502.nii.gz,
/vol/ciamspace/datasets/ixi/processed/skull_stripped/IXI173.nii.gz,
/vol/ciamspace/datasets/ixi/processed/skull_stripped/IXI488.nii.gz,
/vol/ciamspace/datasets/ixi/processed/skull_stripped/IXI107.nii.gz,
/vol/ciamspace/datasets/ixi/processed/skull_stripped/IXI156.nii.gz,
/vol/ciamspace/datasets/ixi/processed/skull_stripped/IXI486.nii.gz,
/vol/ciamspace/datasets/ixi/processed/skull_stripped/IXI638.nii.gz,
/vol/ciamspace/datasets/ixi/processed/skull_stripped/IXI470.nii.gz,
/vol/ciamspace/datasets/ixi/processed/skull_stripped/IXI234.nii.gz,
/vol/ciamspace/datasets/ixi/processed/skull_stripped/IXI089.nii.gz,
/vol/ciamspace/datasets/ixi/processed/skull_stripped/IXI481.nii.gz,
/vol/ciamspace/datasets/ixi/processed/skull_stripped/IXI098.nii.gz,
/vol/ciamspace/datasets/ixi/processed/skull_stripped/IXI622.nii.gz,
/vol/ciamspace/datasets/ixi/processed/skull_stripped/IXI317.nii.gz,
/vol/ciamspace/datasets/ixi/processed/skull_stripped/IXI646.nii.gz,
/vol/ciamspace/datasets/ixi/processed/skull_stripped/IXI611.nii.gz,
/vol/ciamspace/datasets/ixi/processed/skull_stripped/IXI249.nii.gz,
/vol/ciamspace/datasets/ixi/processed/skull_stripped/IXI304.nii.gz,
/vol/ciamspace/datasets/ixi/processed/skull_stripped/IXI636.nii.gz,
/vol/ciamspace/datasets/ixi/processed/skull_stripped/IXI652.nii.gz,
/vol/ciamspace/datasets/ixi/processed/skull_stripped/IXI240.nii.gz,
/vol/ciamspace/datasets/ixi/processed/skull_stripped/IXI389.nii.gz,
/vol/ciamspace/datasets/ixi/processed/skull_stripped/IXI226.nii.gz,
/vol/ciamspace/datasets/ixi/processed/skull_stripped/IXI446.nii.gz,
/vol/ciamspace/datasets/ixi/processed/skull_stripped/IXI108.nii.gz,
/vol/ciamspace/datasets/ixi/processed/skull_stripped/IXI592.nii.gz,
/vol/ciamspace/datasets/ixi/processed/skull_stripped/IXI237.nii.gz,
/vol/ciamspace/datasets/ixi/processed/skull_stripped/IXI396.nii.gz,
/vol/ciamspace/datasets/ixi/processed/skull_stripped/IXI212.nii.gz,
/vol/ciamspace/datasets/ixi/processed/skull_stripped/IXI439.nii.gz,
/vol/ciamspace/datasets/ixi/processed/skull_stripped/IXI012.nii.gz,
/vol/ciamspace/datasets/ixi/processed/skull_stripped/IXI101.nii.gz,
/vol/ciamspace/datasets/ixi/processed/skull_stripped/IXI404.nii.gz,
/vol/ciamspace/datasets/ixi/processed/skull_stripped/IXI462.nii.gz,
/vol/ciamspace/datasets/ixi/processed/skull_stripped/IXI145.nii.gz,
/vol/ciamspace/datasets/ixi/processed/skull_stripped/IXI200.nii.gz,
/vol/ciamspace/datasets/ixi/processed/skull_stripped/IXI390.nii.gz,
/vol/ciamspace/datasets/ixi/processed/skull_stripped/IXI344.nii.gz,
/vol/ciamspace/datasets/ixi/processed/skull_stripped/IXI017.nii.gz,
/vol/ciamspace/datasets/ixi/processed/skull_stripped/IXI230.nii.gz,
/vol/ciamspace/datasets/ixi/processed/skull_stripped/IXI294.nii.gz,
/vol/ciamspace/datasets/ixi/processed/skull_stripped/IXI381.nii.gz,
/vol/ciamspace/datasets/ixi/processed/skull_stripped/IXI280.nii.gz,
/vol/ciamspace/datasets/ixi/processed/skull_stripped/IXI138.nii.gz,
/vol/ciamspace/datasets/ixi/processed/skull_stripped/IXI626.nii.gz,
/vol/ciamspace/datasets/ixi/processed/skull_stripped/IXI499.nii.gz,
/vol/ciamspace/datasets/ixi/processed/skull_stripped/IXI174.nii.gz,
/vol/ciamspace/datasets/ixi/processed/skull_stripped/IXI316.nii.gz,
/vol/ciamspace/datasets/ixi/processed/skull_stripped/IXI477.nii.gz,
/vol/ciamspace/datasets/ixi/processed/skull_stripped/IXI562.nii.gz,
/vol/ciamspace/datasets/ixi/processed/skull_stripped/IXI227.nii.gz,
/vol/ciamspace/datasets/ixi/processed/skull_stripped/IXI445.nii.gz,
/vol/ciamspace/datasets/ixi/processed/skull_stripped/IXI527.nii.gz,
/vol/ciamspace/datasets/ixi/processed/skull_stripped/IXI484.nii.gz,
/vol/ciamspace/datasets/ixi/processed/skull_stripped/IXI627.nii.gz,
/vol/ciamspace/datasets/ixi/processed/skull_stripped/IXI456.nii.gz,
/vol/ciamspace/datasets/ixi/processed/skull_stripped/IXI044.nii.gz,
/vol/ciamspace/datasets/ixi/processed/skull_stripped/IXI391.nii.gz,
/vol/ciamspace/datasets/ixi/processed/skull_stripped/IXI036.nii.gz,
/vol/ciamspace/datasets/ixi/processed/skull_stripped/IXI595.nii.gz,
/vol/ciamspace/datasets/ixi/processed/skull_stripped/IXI211.nii.gz,
/vol/ciamspace/datasets/ixi/processed/skull_stripped/IXI178.nii.gz,
/vol/ciamspace/datasets/ixi/processed/skull_stripped/IXI420.nii.gz,
/vol/ciamspace/datasets/ixi/processed/skull_stripped/IXI288.nii.gz,
/vol/ciamspace/datasets/ixi/processed/skull_stripped/IXI597.nii.gz,
/vol/ciamspace/datasets/ixi/processed/skull_stripped/IXI224.nii.gz,
/vol/ciamspace/datasets/ixi/processed/skull_stripped/IXI571.nii.gz,
/vol/ciamspace/datasets/ixi/processed/skull_stripped/IXI454.nii.gz,
/vol/ciamspace/datasets/ixi/processed/skull_stripped/IXI084.nii.gz,
/vol/ciamspace/datasets/ixi/processed/skull_stripped/IXI365.nii.gz,
/vol/ciamspace/datasets/ixi/processed/skull_stripped/IXI629.nii.gz,
/vol/ciamspace/datasets/ixi/processed/skull_stripped/IXI480.nii.gz,
/vol/ciamspace/datasets/ixi/processed/skull_stripped/IXI289.nii.gz,
/vol/ciamspace/datasets/ixi/processed/skull_stripped/IXI525.nii.gz,
/vol/ciamspace/datasets/ixi/processed/skull_stripped/IXI118.nii.gz,
/vol/ciamspace/datasets/ixi/processed/skull_stripped/IXI332.nii.gz,
/vol/ciamspace/datasets/ixi/processed/skull_stripped/IXI077.nii.gz,
/vol/ciamspace/datasets/ixi/processed/skull_stripped/IXI168.nii.gz,
/vol/ciamspace/datasets/ixi/processed/skull_stripped/IXI263.nii.gz,
/vol/ciamspace/datasets/ixi/processed/skull_stripped/IXI176.nii.gz,
/vol/ciamspace/datasets/ixi/processed/skull_stripped/IXI202.nii.gz,
/vol/ciamspace/datasets/ixi/processed/skull_stripped/IXI405.nii.gz,
/vol/ciamspace/datasets/ixi/processed/skull_stripped/IXI378.nii.gz,
/vol/ciamspace/datasets/ixi/processed/skull_stripped/IXI160.nii.gz,
/vol/ciamspace/datasets/ixi/processed/skull_stripped/IXI584.nii.gz,
/vol/ciamspace/datasets/ixi/processed/skull_stripped/IXI549.nii.gz,
/vol/ciamspace/datasets/ixi/processed/skull_stripped/IXI210.nii.gz,
/vol/ciamspace/datasets/ixi/processed/skull_stripped/IXI435.nii.gz,
/vol/ciamspace/datasets/ixi/processed/skull_stripped/IXI558.nii.gz,
/vol/ciamspace/datasets/ixi/processed/skull_stripped/IXI191.nii.gz,
/vol/ciamspace/datasets/ixi/processed/skull_stripped/IXI416.nii.gz,
/vol/ciamspace/datasets/ixi/processed/skull_stripped/IXI295.nii.gz,
/vol/ciamspace/datasets/ixi/processed/skull_stripped/IXI546.nii.gz,
/vol/ciamspace/datasets/ixi/processed/skull_stripped/IXI616.nii.gz,
/vol/ciamspace/datasets/ixi/processed/skull_stripped/IXI141.nii.gz,
/vol/ciamspace/datasets/ixi/processed/skull_stripped/IXI312.nii.gz,
/vol/ciamspace/datasets/ixi/processed/skull_stripped/IXI015.nii.gz,
/vol/ciamspace/datasets/ixi/processed/skull_stripped/IXI300.nii.gz,
/vol/ciamspace/datasets/ixi/processed/skull_stripped/IXI440.nii.gz,
/vol/ciamspace/datasets/ixi/processed/skull_stripped/IXI370.nii.gz,
/vol/ciamspace/datasets/ixi/processed/skull_stripped/IXI019.nii.gz,
/vol/ciamspace/datasets/ixi/processed/skull_stripped/IXI501.nii.gz,
/vol/ciamspace/datasets/ixi/processed/skull_stripped/IXI358.nii.gz,
/vol/ciamspace/datasets/ixi/processed/skull_stripped/IXI560.nii.gz,
/vol/ciamspace/datasets/ixi/processed/skull_stripped/IXI204.nii.gz