/vol/ciamspace/datasets/atlas/processed/skull_stripped/patient_432_sub-r034s036_T1_lin.nii.gz,
/vol/ciamspace/datasets/atlas/processed/skull_stripped/patient_429_sub-r034s026_T1_lin.nii.gz,
/vol/ciamspace/datasets/atlas/processed/skull_stripped/patient_578_sub-r047s015_T1_lin.nii.gz,
/vol/ciamspace/datasets/atlas/processed/skull_stripped/patient_451_sub-r038s014_T1_lin.nii.gz,
/vol/ciamspace/datasets/atlas/processed/skull_stripped/patient_9_sub-r001s009_T1_lin.nii.gz,
/vol/ciamspace/datasets/atlas/processed/skull_stripped/patient_122_sub-r009s002_T1_lin.nii.gz,
/vol/ciamspace/datasets/atlas/processed/skull_stripped/patient_562_sub-r044s003_T1_lin.nii.gz,
/vol/ciamspace/datasets/atlas/processed/skull_stripped/patient_266_sub-r011s014_T1_lin.nii.gz,
/vol/ciamspace/datasets/atlas/processed/skull_stripped/patient_199_sub-r009s090_T1_lin.nii.gz,
/vol/ciamspace/datasets/atlas/processed/skull_stripped/patient_442_sub-r035s007_T1_lin.nii.gz,
/vol/ciamspace/datasets/atlas/processed/skull_stripped/patient_496_sub-r039s002_T1_lin.nii.gz,
/vol/ciamspace/datasets/atlas/processed/skull_stripped/patient_226_sub-r009s121_T1_lin.nii.gz,
/vol/ciamspace/datasets/atlas/processed/skull_stripped/patient_547_sub-r042s010_T1_lin.nii.gz,
/vol/ciamspace/datasets/atlas/processed/skull_stripped/patient_42_sub-r002s004_T1_lin.nii.gz,
/vol/ciamspace/datasets/atlas/processed/skull_stripped/patient_446_sub-r035s014_T1_lin.nii.gz,
/vol/ciamspace/datasets/atlas/processed/skull_stripped/patient_271_sub-r011s019_T1_lin.nii.gz,
/vol/ciamspace/datasets/atlas/processed/skull_stripped/patient_151_sub-r009s034_T1_lin.nii.gz,
/vol/ciamspace/datasets/atlas/processed/skull_stripped/patient_528_sub-r040s056_T1_lin.nii.gz,
/vol/ciamspace/datasets/atlas/processed/skull_stripped/patient_300_sub-r015s019_T1_lin.nii.gz,
/vol/ciamspace/datasets/atlas/processed/skull_stripped/patient_37_sub-r001s038_T1_lin.nii.gz,
/vol/ciamspace/datasets/atlas/processed/skull_stripped/patient_357_sub-r027s048_T1_lin.nii.gz,
/vol/ciamspace/datasets/atlas/processed/skull_stripped/patient_129_sub-r009s009_T1_lin.nii.gz,
/vol/ciamspace/datasets/atlas/processed/skull_stripped/patient_394_sub-r031s017_T1_lin.nii.gz,
/vol/ciamspace/datasets/atlas/processed/skull_stripped/patient_620_sub-r049s005_T1_lin.nii.gz,
/vol/ciamspace/datasets/atlas/processed/skull_stripped/patient_340_sub-r024s014_T1_lin.nii.gz,
/vol/ciamspace/datasets/atlas/processed/skull_stripped/patient_249_sub-r010s021_T1_lin.nii.gz,
/vol/ciamspace/datasets/atlas/processed/skull_stripped/patient_573_sub-r047s006_T1_lin.nii.gz,
/vol/ciamspace/datasets/atlas/processed/skull_stripped/patient_510_sub-r040s024_T1_lin.nii.gz,
/vol/ciamspace/datasets/atlas/processed/skull_stripped/patient_651_sub-r052s026_T1_lin.nii.gz,
/vol/ciamspace/datasets/atlas/processed/skull_stripped/patient_342_sub-r024s019_T1_lin.nii.gz,
/vol/ciamspace/datasets/atlas/processed/skull_stripped/patient_384_sub-r031s007_T1_lin.nii.gz,
/vol/ciamspace/datasets/atlas/processed/skull_stripped/patient_108_sub-r005s048_T1_lin.nii.gz,
/vol/ciamspace/datasets/atlas/processed/skull_stripped/patient_611_sub-r048s031_T1_lin.nii.gz,
/vol/ciamspace/datasets/atlas/processed/skull_stripped/patient_579_sub-r047s016_T1_lin.nii.gz,
/vol/ciamspace/datasets/atlas/processed/skull_stripped/patient_100_sub-r004s035_T1_lin.nii.gz,
/vol/ciamspace/datasets/atlas/processed/skull_stripped/patient_86_sub-r004s021_T1_lin.nii.gz,
/vol/ciamspace/datasets/atlas/processed/skull_stripped/patient_78_sub-r004s013_T1_lin.nii.gz,
/vol/ciamspace/datasets/atlas/processed/skull_stripped/patient_387_sub-r031s010_T1_lin.nii.gz,
/vol/ciamspace/datasets/atlas/processed/skull_stripped/patient_189_sub-r009s078_T1_lin.nii.gz,
/vol/ciamspace/datasets/atlas/processed/skull_stripped/patient_262_sub-r011s010_T1_lin.nii.gz,
/vol/ciamspace/datasets/atlas/processed/skull_stripped/patient_642_sub-r052s010_T1_lin.nii.gz,
/vol/ciamspace/datasets/atlas/processed/skull_stripped/patient_525_sub-r040s051_T1_lin.nii.gz,
/vol/ciamspace/datasets/atlas/processed/skull_stripped/patient_344_sub-r027s001_T1_lin.nii.gz,
/vol/ciamspace/datasets/atlas/processed/skull_stripped/patient_647_sub-r052s019_T1_lin.nii.gz,
/vol/ciamspace/datasets/atlas/processed/skull_stripped/patient_72_sub-r004s007_T1_lin.nii.gz,
/vol/ciamspace/datasets/atlas/processed/skull_stripped/patient_238_sub-r010s007_T1_lin.nii.gz,
/vol/ciamspace/datasets/atlas/processed/skull_stripped/patient_47_sub-r002s009_T1_lin.nii.gz,
/vol/ciamspace/datasets/atlas/processed/skull_stripped/patient_297_sub-r015s011_T1_lin.nii.gz,
/vol/ciamspace/datasets/atlas/processed/skull_stripped/patient_506_sub-r040s016_T1_lin.nii.gz,
/vol/ciamspace/datasets/atlas/processed/skull_stripped/patient_323_sub-r019s010_T1_lin.nii.gz,
/vol/ciamspace/datasets/atlas/processed/skull_stripped/patient_576_sub-r047s013_T1_lin.nii.gz,
/vol/ciamspace/datasets/atlas/processed/skull_stripped/patient_18_sub-r001s018_T1_lin.nii.gz,
/vol/ciamspace/datasets/atlas/processed/skull_stripped/patient_597_sub-r048s002_T1_lin.nii.gz,
/vol/ciamspace/datasets/atlas/processed/skull_stripped/patient_328_sub-r023s007_T1_lin.nii.gz,
/vol/ciamspace/datasets/atlas/processed/skull_stripped/patient_13_sub-r001s013_T1_lin.nii.gz,
/vol/ciamspace/datasets/atlas/processed/skull_stripped/patient_523_sub-r040s048_T1_lin.nii.gz,
/vol/ciamspace/datasets/atlas/processed/skull_stripped/patient_39_sub-r002s001_T1_lin.nii.gz,
/vol/ciamspace/datasets/atlas/processed/skull_stripped/patient_408_sub-r031s031_T1_lin.nii.gz,
/vol/ciamspace/datasets/atlas/processed/skull_stripped/patient_385_sub-r031s008_T1_lin.nii.gz,
/vol/ciamspace/datasets/atlas/processed/skull_stripped/patient_21_sub-r001s021_T1_lin.nii.gz,
/vol/ciamspace/datasets/atlas/processed/skull_stripped/patient_7_sub-r001s007_T1_lin.nii.gz,
/vol/ciamspace/datasets/atlas/processed/skull_stripped/patient_471_sub-r038s048_T1_lin.nii.gz,
/vol/ciamspace/datasets/atlas/processed/skull_stripped/patient_332_sub-r023s017_T1_lin.nii.gz,
/vol/ciamspace/datasets/atlas/processed/skull_stripped/patient_166_sub-r009s051_T1_lin.nii.gz,
/vol/ciamspace/datasets/atlas/processed/skull_stripped/patient_339_sub-r024s013_T1_lin.nii.gz,
/vol/ciamspace/datasets/atlas/processed/skull_stripped/patient_462_sub-r038s028_T1_lin.nii.gz,
/vol/ciamspace/datasets/atlas/processed/skull_stripped/patient_105_sub-r005s031_T1_lin.nii.gz,
/vol/ciamspace/datasets/atlas/processed/skull_stripped/patient_653_sub-r052s029_T1_lin.nii.gz,
/vol/ciamspace/datasets/atlas/processed/skull_stripped/patient_48_sub-r002s010_T1_lin.nii.gz,
/vol/ciamspace/datasets/atlas/processed/skull_stripped/patient_612_sub-r048s032_T1_lin.nii.gz,
/vol/ciamspace/datasets/atlas/processed/skull_stripped/patient_309_sub-r017s117_T1_lin.nii.gz,
/vol/ciamspace/datasets/atlas/processed/skull_stripped/patient_200_sub-r009s091_T1_lin.nii.gz,
/vol/ciamspace/datasets/atlas/processed/skull_stripped/patient_269_sub-r011s017_T1_lin.nii.gz,
/vol/ciamspace/datasets/atlas/processed/skull_stripped/patient_450_sub-r038s010_T1_lin.nii.gz,
/vol/ciamspace/datasets/atlas/processed/skull_stripped/patient_147_sub-r009s029_T1_lin.nii.gz,
/vol/ciamspace/datasets/atlas/processed/skull_stripped/patient_137_sub-r009s017_T1_lin.nii.gz,
/vol/ciamspace/datasets/atlas/processed/skull_stripped/patient_117_sub-r005s075_T1_lin.nii.gz,
/vol/ciamspace/datasets/atlas/processed/skull_stripped/patient_474_sub-r038s056_T1_lin.nii.gz,
/vol/ciamspace/datasets/atlas/processed/skull_stripped/patient_492_sub-r038s091_T1_lin.nii.gz,
/vol/ciamspace/datasets/atlas/processed/skull_stripped/patient_283_sub-r011s031_T1_lin.nii.gz,
/vol/ciamspace/datasets/atlas/processed/skull_stripped/patient_431_sub-r034s033_T1_lin.nii.gz,
/vol/ciamspace/datasets/atlas/processed/skull_stripped/patient_618_sub-r048s039_T1_lin.nii.gz,
/vol/ciamspace/datasets/atlas/processed/skull_stripped/patient_456_sub-r038s021_T1_lin.nii.gz,
/vol/ciamspace/datasets/atlas/processed/skull_stripped/patient_559_sub-r042s033_T1_lin.nii.gz,
/vol/ciamspace/datasets/atlas/processed/skull_stripped/patient_590_sub-r047s039_T1_lin.nii.gz,
/vol/ciamspace/datasets/atlas/processed/skull_stripped/patient_536_sub-r040s072_T1_lin.nii.gz,
/vol/ciamspace/datasets/atlas/processed/skull_stripped/patient_516_sub-r040s039_T1_lin.nii.gz,
/vol/ciamspace/datasets/atlas/processed/skull_stripped/patient_621_sub-r049s007_T1_lin.nii.gz,
/vol/ciamspace/datasets/atlas/processed/skull_stripped/patient_74_sub-r004s009_T1_lin.nii.gz,
/vol/ciamspace/datasets/atlas/processed/skull_stripped/patient_643_sub-r052s011_T1_lin.nii.gz,
/vol/ciamspace/datasets/atlas/processed/skull_stripped/patient_290_sub-r014s010_T1_lin.nii.gz,
/vol/ciamspace/datasets/atlas/processed/skull_stripped/patient_324_sub-r019s012_T1_lin.nii.gz,
/vol/ciamspace/datasets/atlas/processed/skull_stripped/patient_439_sub-r035s003_T1_lin.nii.gz,
/vol/ciamspace/datasets/atlas/processed/skull_stripped/patient_256_sub-r010s029_T1_lin.nii.gz,
/vol/ciamspace/datasets/atlas/processed/skull_stripped/patient_24_sub-r001s024_T1_lin.nii.gz,
/vol/ciamspace/datasets/atlas/processed/skull_stripped/patient_142_sub-r009s024_T1_lin.nii.gz,
/vol/ciamspace/datasets/atlas/processed/skull_stripped/patient_95_sub-r004s030_T1_lin.nii.gz,
/vol/ciamspace/datasets/atlas/processed/skull_stripped/patient_98_sub-r004s033_T1_lin.nii.gz,
/vol/ciamspace/datasets/atlas/processed/skull_stripped/patient_554_sub-r042s025_T1_lin.nii.gz,
/vol/ciamspace/datasets/atlas/processed/skull_stripped/patient_362_sub-r028s005_T1_lin.nii.gz,
/vol/ciamspace/datasets/atlas/processed/skull_stripped/patient_577_sub-r047s014_T1_lin.nii.gz,
/vol/ciamspace/datasets/atlas/processed/skull_stripped/patient_213_sub-r009s106_T1_lin.nii.gz,
/vol/ciamspace/datasets/atlas/processed/skull_stripped/patient_464_sub-r038s033_T1_lin.nii.gz,
/vol/ciamspace/datasets/atlas/processed/skull_stripped/patient_22_sub-r001s022_T1_lin.nii.gz,
/vol/ciamspace/datasets/atlas/processed/skull_stripped/patient_282_sub-r011s030_T1_lin.nii.gz,
/vol/ciamspace/datasets/atlas/processed/skull_stripped/patient_301_sub-r015s025_T1_lin.nii.gz,
/vol/ciamspace/datasets/atlas/processed/skull_stripped/patient_3_sub-r001s003_T1_lin.nii.gz,
/vol/ciamspace/datasets/atlas/processed/skull_stripped/patient_302_sub-r015s026_T1_lin.nii.gz,
/vol/ciamspace/datasets/atlas/processed/skull_stripped/patient_56_sub-r003s006_T1_lin.nii.gz,
/vol/ciamspace/datasets/atlas/processed/skull_stripped/patient_110_sub-r005s055_T1_lin.nii.gz,
/vol/ciamspace/datasets/atlas/processed/skull_stripped/patient_476_sub-r038s058_T1_lin.nii.gz,
/vol/ciamspace/datasets/atlas/processed/skull_stripped/patient_259_sub-r011s002_T1_lin.nii.gz,
/vol/ciamspace/datasets/atlas/processed/skull_stripped/patient_529_sub-r040s059_T1_lin.nii.gz,
/vol/ciamspace/datasets/atlas/processed/skull_stripped/patient_192_sub-r009s083_T1_lin.nii.gz,
/vol/ciamspace/datasets/atlas/processed/skull_stripped/patient_143_sub-r009s025_T1_lin.nii.gz,
/vol/ciamspace/datasets/atlas/processed/skull_stripped/patient_445_sub-r035s013_T1_lin.nii.gz,
/vol/ciamspace/datasets/atlas/processed/skull_stripped/patient_292_sub-r015s001_T1_lin.nii.gz,
/vol/ciamspace/datasets/atlas/processed/skull_stripped/patient_29_sub-r001s029_T1_lin.nii.gz,
/vol/ciamspace/datasets/atlas/processed/skull_stripped/patient_288_sub-r014s004_T1_lin.nii.gz,
/vol/ciamspace/datasets/atlas/processed/skull_stripped/patient_31_sub-r001s031_T1_lin.nii.gz,
/vol/ciamspace/datasets/atlas/processed/skull_stripped/patient_592_sub-r047s043_T1_lin.nii.gz,
/vol/ciamspace/datasets/atlas/processed/skull_stripped/patient_360_sub-r028s002_T1_lin.nii.gz,
/vol/ciamspace/datasets/atlas/processed/skull_stripped/patient_449_sub-r038s007_T1_lin.nii.gz,
/vol/ciamspace/datasets/atlas/processed/skull_stripped/patient_557_sub-r042s030_T1_lin.nii.gz,
/vol/ciamspace/datasets/atlas/processed/skull_stripped/patient_135_sub-r009s015_T1_lin.nii.gz,
/vol/ciamspace/datasets/atlas/processed/skull_stripped/patient_434_sub-r034s039_T1_lin.nii.gz,
/vol/ciamspace/datasets/atlas/processed/skull_stripped/patient_433_sub-r034s037_T1_lin.nii.gz,
/vol/ciamspace/datasets/atlas/processed/skull_stripped/patient_15_sub-r001s015_T1_lin.nii.gz,
/vol/ciamspace/datasets/atlas/processed/skull_stripped/patient_504_sub-r040s013_T1_lin.nii.gz,
/vol/ciamspace/datasets/atlas/processed/skull_stripped/patient_440_sub-r035s005_T1_lin.nii.gz,
/vol/ciamspace/datasets/atlas/processed/skull_stripped/patient_245_sub-r010s014_T1_lin.nii.gz,
/vol/ciamspace/datasets/atlas/processed/skull_stripped/patient_511_sub-r040s028_T1_lin.nii.gz,
/vol/ciamspace/datasets/atlas/processed/skull_stripped/patient_495_sub-r038s097_T1_lin.nii.gz,
/vol/ciamspace/datasets/atlas/processed/skull_stripped/patient_526_sub-r040s053_T1_lin.nii.gz,
/vol/ciamspace/datasets/atlas/processed/skull_stripped/patient_586_sub-r047s035_T1_lin.nii.gz,
/vol/ciamspace/datasets/atlas/processed/skull_stripped/patient_81_sub-r004s016_T1_lin.nii.gz,
/vol/ciamspace/datasets/atlas/processed/skull_stripped/patient_637_sub-r050s009_T1_lin.nii.gz,
/vol/ciamspace/datasets/atlas/processed/skull_stripped/patient_453_sub-r038s017_T1_lin.nii.gz,
/vol/ciamspace/datasets/atlas/processed/skull_stripped/patient_69_sub-r004s004_T1_lin.nii.gz,
/vol/ciamspace/datasets/atlas/processed/skull_stripped/patient_195_sub-r009s086_T1_lin.nii.gz,
/vol/ciamspace/datasets/atlas/processed/skull_stripped/patient_319_sub-r019s004_T1_lin.nii.gz,
/vol/ciamspace/datasets/atlas/processed/skull_stripped/patient_128_sub-r009s008_T1_lin.nii.gz,
/vol/ciamspace/datasets/atlas/processed/skull_stripped/patient_461_sub-r038s026_T1_lin.nii.gz,
/vol/ciamspace/datasets/atlas/processed/skull_stripped/patient_477_sub-r038s060_T1_lin.nii.gz,
/vol/ciamspace/datasets/atlas/processed/skull_stripped/patient_441_sub-r035s006_T1_lin.nii.gz,
/vol/ciamspace/datasets/atlas/processed/skull_stripped/patient_263_sub-r011s011_T1_lin.nii.gz,
/vol/ciamspace/datasets/atlas/processed/skull_stripped/patient_393_sub-r031s016_T1_lin.nii.gz,
/vol/ciamspace/datasets/atlas/processed/skull_stripped/patient_174_sub-r009s060_T1_lin.nii.gz,
/vol/ciamspace/datasets/atlas/processed/skull_stripped/patient_54_sub-r003s004_T1_lin.nii.gz,
/vol/ciamspace/datasets/atlas/processed/skull_stripped/patient_609_sub-r048s022_T1_lin.nii.gz,
/vol/ciamspace/datasets/atlas/processed/skull_stripped/patient_533_sub-r040s069_T1_lin.nii.gz,
/vol/ciamspace/datasets/atlas/processed/skull_stripped/patient_348_sub-r027s015_T1_lin.nii.gz,
/vol/ciamspace/datasets/atlas/processed/skull_stripped/patient_241_sub-r010s010_T1_lin.nii.gz,
/vol/ciamspace/datasets/atlas/processed/skull_stripped/patient_156_sub-r009s039_T1_lin.nii.gz,
/vol/ciamspace/datasets/atlas/processed/skull_stripped/patient_411_sub-r031s034_T1_lin.nii.gz,
/vol/ciamspace/datasets/atlas/processed/skull_stripped/patient_338_sub-r024s012_T1_lin.nii.gz,
/vol/ciamspace/datasets/atlas/processed/skull_stripped/patient_65_sub-r003s015_T1_lin.nii.gz,
/vol/ciamspace/datasets/atlas/processed/skull_stripped/patient_514_sub-r040s032_T1_lin.nii.gz,
/vol/ciamspace/datasets/atlas/processed/skull_stripped/patient_99_sub-r004s034_T1_lin.nii.gz,
/vol/ciamspace/datasets/atlas/processed/skull_stripped/patient_141_sub-r009s022_T1_lin.nii.gz,
/vol/ciamspace/datasets/atlas/processed/skull_stripped/patient_378_sub-r031s001_T1_lin.nii.gz,
/vol/ciamspace/datasets/atlas/processed/skull_stripped/patient_114_sub-r005s070_T1_lin.nii.gz,
/vol/ciamspace/datasets/atlas/processed/skull_stripped/patient_112_sub-r005s068_T1_lin.nii.gz,
/vol/ciamspace/datasets/atlas/processed/skull_stripped/patient_173_sub-r009s058_T1_lin.nii.gz,
/vol/ciamspace/datasets/atlas/processed/skull_stripped/patient_107_sub-r005s046_T1_lin.nii.gz,
/vol/ciamspace/datasets/atlas/processed/skull_stripped/patient_436_sub-r034s046_T1_lin.nii.gz,
/vol/ciamspace/datasets/atlas/processed/skull_stripped/patient_413_sub-r031s036_T1_lin.nii.gz,
/vol/ciamspace/datasets/atlas/processed/skull_stripped/patient_77_sub-r004s012_T1_lin.nii.gz,
/vol/ciamspace/datasets/atlas/processed/skull_stripped/patient_624_sub-r049s012_T1_lin.nii.gz,
/vol/ciamspace/datasets/atlas/processed/skull_stripped/patient_497_sub-r039s003_T1_lin.nii.gz,
/vol/ciamspace/datasets/atlas/processed/skull_stripped/patient_400_sub-r031s023_T1_lin.nii.gz,
/vol/ciamspace/datasets/atlas/processed/skull_stripped/patient_115_sub-r005s073_T1_lin.nii.gz,
/vol/ciamspace/datasets/atlas/processed/skull_stripped/patient_225_sub-r009s120_T1_lin.nii.gz,
/vol/ciamspace/datasets/atlas/processed/skull_stripped/patient_60_sub-r003s010_T1_lin.nii.gz,
/vol/ciamspace/datasets/atlas/processed/skull_stripped/patient_399_sub-r031s022_T1_lin.nii.gz,
/vol/ciamspace/datasets/atlas/processed/skull_stripped/patient_26_sub-r001s026_T1_lin.nii.gz,
/vol/ciamspace/datasets/atlas/processed/skull_stripped/patient_210_sub-r009s102_T1_lin.nii.gz,
/vol/ciamspace/datasets/atlas/processed/skull_stripped/patient_636_sub-r050s008_T1_lin.nii.gz,
/vol/ciamspace/datasets/atlas/processed/skull_stripped/patient_96_sub-r004s031_T1_lin.nii.gz,
/vol/ciamspace/datasets/atlas/processed/skull_stripped/patient_307_sub-r017s110_T1_lin.nii.gz,
/vol/ciamspace/datasets/atlas/processed/skull_stripped/patient_351_sub-r027s031_T1_lin.nii.gz,
/vol/ciamspace/datasets/atlas/processed/skull_stripped/patient_483_sub-r038s069_T1_lin.nii.gz,
/vol/ciamspace/datasets/atlas/processed/skull_stripped/patient_57_sub-r003s007_T1_lin.nii.gz,
/vol/ciamspace/datasets/atlas/processed/skull_stripped/patient_76_sub-r004s011_T1_lin.nii.gz,
/vol/ciamspace/datasets/atlas/processed/skull_stripped/patient_1_sub-r001s001_T1_lin.nii.gz,
/vol/ciamspace/datasets/atlas/processed/skull_stripped/patient_575_sub-r047s010_T1_lin.nii.gz,
/vol/ciamspace/datasets/atlas/processed/skull_stripped/patient_163_sub-r009s048_T1_lin.nii.gz,
/vol/ciamspace/datasets/atlas/processed/skull_stripped/patient_304_sub-r017s104_T1_lin.nii.gz,
/vol/ciamspace/datasets/atlas/processed/skull_stripped/patient_109_sub-r005s049_T1_lin.nii.gz,
/vol/ciamspace/datasets/atlas/processed/skull_stripped/patient_457_sub-r038s022_T1_lin.nii.gz,
/vol/ciamspace/datasets/atlas/processed/skull_stripped/patient_171_sub-r009s056_T1_lin.nii.gz,
/vol/ciamspace/datasets/atlas/processed/skull_stripped/patient_220_sub-r009s114_T1_lin.nii.gz,
/vol/ciamspace/datasets/atlas/processed/skull_stripped/patient_82_sub-r004s017_T1_lin.nii.gz,
/vol/ciamspace/datasets/atlas/processed/skull_stripped/patient_223_sub-r009s118_T1_lin.nii.gz,
/vol/ciamspace/datasets/atlas/processed/skull_stripped/patient_607_sub-r048s018_T1_lin.nii.gz,
/vol/ciamspace/datasets/atlas/processed/skull_stripped/patient_333_sub-r024s002_T1_lin.nii.gz,
/vol/ciamspace/datasets/atlas/processed/skull_stripped/patient_281_sub-r011s029_T1_lin.nii.gz,
/vol/ciamspace/datasets/atlas/processed/skull_stripped/patient_654_sub-r052s031_T1_lin.nii.gz,
/vol/ciamspace/datasets/atlas/processed/skull_stripped/patient_625_sub-r049s016_T1_lin.nii.gz,
/vol/ciamspace/datasets/atlas/processed/skull_stripped/patient_120_sub-r005s081_T1_lin.nii.gz,
/vol/ciamspace/datasets/atlas/processed/skull_stripped/patient_284_sub-r011s032_T1_lin.nii.gz,
/vol/ciamspace/datasets/atlas/processed/skull_stripped/patient_649_sub-r052s023_T1_lin.nii.gz,
/vol/ciamspace/datasets/atlas/processed/skull_stripped/patient_217_sub-r009s110_T1_lin.nii.gz,
/vol/ciamspace/datasets/atlas/processed/skull_stripped/patient_437_sub-r034s047_T1_lin.nii.gz,
/vol/ciamspace/datasets/atlas/processed/skull_stripped/patient_398_sub-r031s021_T1_lin.nii.gz,
/vol/ciamspace/datasets/atlas/processed/skull_stripped/patient_551_sub-r042s018_T1_lin.nii.gz,
/vol/ciamspace/datasets/atlas/processed/skull_stripped/patient_280_sub-r011s028_T1_lin.nii.gz,
/vol/ciamspace/datasets/atlas/processed/skull_stripped/patient_628_sub-r049s024_T1_lin.nii.gz,
/vol/ciamspace/datasets/atlas/processed/skull_stripped/patient_144_sub-r009s026_T1_lin.nii.gz,
/vol/ciamspace/datasets/atlas/processed/skull_stripped/patient_193_sub-r009s084_T1_lin.nii.gz,
/vol/ciamspace/datasets/atlas/processed/skull_stripped/patient_459_sub-r038s024_T1_lin.nii.gz,
/vol/ciamspace/datasets/atlas/processed/skull_stripped/patient_641_sub-r052s007_T1_lin.nii.gz,
/vol/ciamspace/datasets/atlas/processed/skull_stripped/patient_542_sub-r040s086_T1_lin.nii.gz,
/vol/ciamspace/datasets/atlas/processed/skull_stripped/patient_326_sub-r023s002_T1_lin.nii.gz,
/vol/ciamspace/datasets/atlas/processed/skull_stripped/patient_127_sub-r009s007_T1_lin.nii.gz,
/vol/ciamspace/datasets/atlas/processed/skull_stripped/patient_260_sub-r011s003_T1_lin.nii.gz,
/vol/ciamspace/datasets/atlas/processed/skull_stripped/patient_518_sub-r040s043_T1_lin.nii.gz,
/vol/ciamspace/datasets/atlas/processed/skull_stripped/patient_366_sub-r028s011_T1_lin.nii.gz,
/vol/ciamspace/datasets/atlas/processed/skull_stripped/patient_627_sub-r049s020_T1_lin.nii.gz,
/vol/ciamspace/datasets/atlas/processed/skull_stripped/patient_469_sub-r038s043_T1_lin.nii.gz,
/vol/ciamspace/datasets/atlas/processed/skull_stripped/patient_455_sub-r038s020_T1_lin.nii.gz,
/vol/ciamspace/datasets/atlas/processed/skull_stripped/patient_520_sub-r040s045_T1_lin.nii.gz,
/vol/ciamspace/datasets/atlas/processed/skull_stripped/patient_169_sub-r009s054_T1_lin.nii.gz,
/vol/ciamspace/datasets/atlas/processed/skull_stripped/patient_208_sub-r009s099_T1_lin.nii.gz,
/vol/ciamspace/datasets/atlas/processed/skull_stripped/patient_168_sub-r009s053_T1_lin.nii.gz,
/vol/ciamspace/datasets/atlas/processed/skull_stripped/patient_270_sub-r011s018_T1_lin.nii.gz,
/vol/ciamspace/datasets/atlas/processed/skull_stripped/patient_610_sub-r048s029_T1_lin.nii.gz,
/vol/ciamspace/datasets/atlas/processed/skull_stripped/patient_568_sub-r046s007_T1_lin.nii.gz,
/vol/ciamspace/datasets/atlas/processed/skull_stripped/patient_59_sub-r003s009_T1_lin.nii.gz,
/vol/ciamspace/datasets/atlas/processed/skull_stripped/patient_596_sub-r047s050_T1_lin.nii.gz,
/vol/ciamspace/datasets/atlas/processed/skull_stripped/patient_161_sub-r009s045_T1_lin.nii.gz,
/vol/ciamspace/datasets/atlas/processed/skull_stripped/patient_214_sub-r009s107_T1_lin.nii.gz,
/vol/ciamspace/datasets/atlas/processed/skull_stripped/patient_460_sub-r038s025_T1_lin.nii.gz,
/vol/ciamspace/datasets/atlas/processed/skull_stripped/patient_632_sub-r050s002_T1_lin.nii.gz,
/vol/ciamspace/datasets/atlas/processed/skull_stripped/patient_275_sub-r011s023_T1_lin.nii.gz,
/vol/ciamspace/datasets/atlas/processed/skull_stripped/patient_652_sub-r052s027_T1_lin.nii.gz,
/vol/ciamspace/datasets/atlas/processed/skull_stripped/patient_211_sub-r009s103_T1_lin.nii.gz,
/vol/ciamspace/datasets/atlas/processed/skull_stripped/patient_521_sub-r040s046_T1_lin.nii.gz,
/vol/ciamspace/datasets/atlas/processed/skull_stripped/patient_87_sub-r004s022_T1_lin.nii.gz,
/vol/ciamspace/datasets/atlas/processed/skull_stripped/patient_367_sub-r028s012_T1_lin.nii.gz,
/vol/ciamspace/datasets/atlas/processed/skull_stripped/patient_178_sub-r009s064_T1_lin.nii.gz,
/vol/ciamspace/datasets/atlas/processed/skull_stripped/patient_648_sub-r052s021_T1_lin.nii.gz,
/vol/ciamspace/datasets/atlas/processed/skull_stripped/patient_25_sub-r001s025_T1_lin.nii.gz,
/vol/ciamspace/datasets/atlas/processed/skull_stripped/patient_154_sub-r009s037_T1_lin.nii.gz,
/vol/ciamspace/datasets/atlas/processed/skull_stripped/patient_550_sub-r042s015_T1_lin.nii.gz,
/vol/ciamspace/datasets/atlas/processed/skull_stripped/patient_30_sub-r001s030_T1_lin.nii.gz,
/vol/ciamspace/datasets/atlas/processed/skull_stripped/patient_530_sub-r040s063_T1_lin.nii.gz,
/vol/ciamspace/datasets/atlas/processed/skull_stripped/patient_566_sub-r046s005_T1_lin.nii.gz,
/vol/ciamspace/datasets/atlas/processed/skull_stripped/patient_616_sub-r048s037_T1_lin.nii.gz,
/vol/ciamspace/datasets/atlas/processed/skull_stripped/patient_148_sub-r009s030_T1_lin.nii.gz,
/vol/ciamspace/datasets/atlas/processed/skull_stripped/patient_532_sub-r040s067_T1_lin.nii.gz,
/vol/ciamspace/datasets/atlas/processed/skull_stripped/patient_176_sub-r009s062_T1_lin.nii.gz,
/vol/ciamspace/datasets/atlas/processed/skull_stripped/patient_485_sub-r038s074_T1_lin.nii.gz,
/vol/ciamspace/datasets/atlas/processed/skull_stripped/patient_513_sub-r040s031_T1_lin.nii.gz,
/vol/ciamspace/datasets/atlas/processed/skull_stripped/patient_509_sub-r040s022_T1_lin.nii.gz,
/vol/ciamspace/datasets/atlas/processed/skull_stripped/patient_5_sub-r001s005_T1_lin.nii.gz,
/vol/ciamspace/datasets/atlas/processed/skull_stripped/patient_51_sub-r003s001_T1_lin.nii.gz,
/vol/ciamspace/datasets/atlas/processed/skull_stripped/patient_45_sub-r002s007_T1_lin.nii.gz,
/vol/ciamspace/datasets/atlas/processed/skull_stripped/patient_313_sub-r018s007_T1_lin.nii.gz,
/vol/ciamspace/datasets/atlas/processed/skull_stripped/patient_257_sub-r010s032_T1_lin.nii.gz,
/vol/ciamspace/datasets/atlas/processed/skull_stripped/patient_524_sub-r040s049_T1_lin.nii.gz,
/vol/ciamspace/datasets/atlas/processed/skull_stripped/patient_261_sub-r011s008_T1_lin.nii.gz,
/vol/ciamspace/datasets/atlas/processed/skull_stripped/patient_125_sub-r009s005_T1_lin.nii.gz,
/vol/ciamspace/datasets/atlas/processed/skull_stripped/patient_454_sub-r038s018_T1_lin.nii.gz,
/vol/ciamspace/datasets/atlas/processed/skull_stripped/patient_407_sub-r031s030_T1_lin.nii.gz,
/vol/ciamspace/datasets/atlas/processed/skull_stripped/patient_41_sub-r002s003_T1_lin.nii.gz,
/vol/ciamspace/datasets/atlas/processed/skull_stripped/patient_203_sub-r009s094_T1_lin.nii.gz,
/vol/ciamspace/datasets/atlas/processed/skull_stripped/patient_104_sub-r005s026_T1_lin.nii.gz,
/vol/ciamspace/datasets/atlas/processed/skull_stripped/patient_475_sub-r038s057_T1_lin.nii.gz,
/vol/ciamspace/datasets/atlas/processed/skull_stripped/patient_306_sub-r017s106_T1_lin.nii.gz,
/vol/ciamspace/datasets/atlas/processed/skull_stripped/patient_299_sub-r015s018_T1_lin.nii.gz,
/vol/ciamspace/datasets/atlas/processed/skull_stripped/patient_593_sub-r047s044_T1_lin.nii.gz,
/vol/ciamspace/datasets/atlas/processed/skull_stripped/patient_321_sub-r019s008_T1_lin.nii.gz,
/vol/ciamspace/datasets/atlas/processed/skull_stripped/patient_522_sub-r040s047_T1_lin.nii.gz,
/vol/ciamspace/datasets/atlas/processed/skull_stripped/patient_88_sub-r004s023_T1_lin.nii.gz,
/vol/ciamspace/datasets/atlas/processed/skull_stripped/patient_63_sub-r003s013_T1_lin.nii.gz,
/vol/ciamspace/datasets/atlas/processed/skull_stripped/patient_583_sub-r047s026_T1_lin.nii.gz,
/vol/ciamspace/datasets/atlas/processed/skull_stripped/patient_102_sub-r004s037_T1_lin.nii.gz,
/vol/ciamspace/datasets/atlas/processed/skull_stripped/patient_232_sub-r010s001_T1_lin.nii.gz,
/vol/ciamspace/datasets/atlas/processed/skull_stripped/patient_428_sub-r034s025_T1_lin.nii.gz,
/vol/ciamspace/datasets/atlas/processed/skull_stripped/patient_343_sub-r024s021_T1_lin.nii.gz,
/vol/ciamspace/datasets/atlas/processed/skull_stripped/patient_349_sub-r027s017_T1_lin.nii.gz,
/vol/ciamspace/datasets/atlas/processed/skull_stripped/patient_350_sub-r027s023_T1_lin.nii.gz,
/vol/ciamspace/datasets/atlas/processed/skull_stripped/patient_580_sub-r047s017_T1_lin.nii.gz,
/vol/ciamspace/datasets/atlas/processed/skull_stripped/patient_567_sub-r046s006_T1_lin.nii.gz,
/vol/ciamspace/datasets/atlas/processed/skull_stripped/patient_503_sub-r040s011_T1_lin.nii.gz,
/vol/ciamspace/datasets/atlas/processed/skull_stripped/patient_246_sub-r010s016_T1_lin.nii.gz,
/vol/ciamspace/datasets/atlas/processed/skull_stripped/patient_473_sub-r038s054_T1_lin.nii.gz,
/vol/ciamspace/datasets/atlas/processed/skull_stripped/patient_132_sub-r009s012_T1_lin.nii.gz,
/vol/ciamspace/datasets/atlas/processed/skull_stripped/patient_538_sub-r040s075_T1_lin.nii.gz,
/vol/ciamspace/datasets/atlas/processed/skull_stripped/patient_363_sub-r028s007_T1_lin.nii.gz,
/vol/ciamspace/datasets/atlas/processed/skull_stripped/patient_111_sub-r005s058_T1_lin.nii.gz,
/vol/ciamspace/datasets/atlas/processed/skull_stripped/patient_101_sub-r004s036_T1_lin.nii.gz,
/vol/ciamspace/datasets/atlas/processed/skull_stripped/patient_608_sub-r048s021_T1_lin.nii.gz,
/vol/ciamspace/datasets/atlas/processed/skull_stripped/patient_23_sub-r001s023_T1_lin.nii.gz,
/vol/ciamspace/datasets/atlas/processed/skull_stripped/patient_61_sub-r003s011_T1_lin.nii.gz,
/vol/ciamspace/datasets/atlas/processed/skull_stripped/patient_423_sub-r034s013_T1_lin.nii.gz,
/vol/ciamspace/datasets/atlas/processed/skull_stripped/patient_635_sub-r050s006_T1_lin.nii.gz,
/vol/ciamspace/datasets/atlas/processed/skull_stripped/patient_571_sub-r046s012_T1_lin.nii.gz,
/vol/ciamspace/datasets/atlas/processed/skull_stripped/patient_116_sub-r005s074_T1_lin.nii.gz,
/vol/ciamspace/datasets/atlas/processed/skull_stripped/patient_377_sub-r029s010_T1_lin.nii.gz,
/vol/ciamspace/datasets/atlas/processed/skull_stripped/patient_488_sub-r038s082_T1_lin.nii.gz,
/vol/ciamspace/datasets/atlas/processed/skull_stripped/patient_501_sub-r040s008_T1_lin.nii.gz,
/vol/ciamspace/datasets/atlas/processed/skull_stripped/patient_187_sub-r009s076_T1_lin.nii.gz,
/vol/ciamspace/datasets/atlas/processed/skull_stripped/patient_606_sub-r048s016_T1_lin.nii.gz,
/vol/ciamspace/datasets/atlas/processed/skull_stripped/patient_255_sub-r010s028_T1_lin.nii.gz,
/vol/ciamspace/datasets/atlas/processed/skull_stripped/patient_545_sub-r042s004_T1_lin.nii.gz,
/vol/ciamspace/datasets/atlas/processed/skull_stripped/patient_119_sub-r005s077_T1_lin.nii.gz,
/vol/ciamspace/datasets/atlas/processed/skull_stripped/patient_273_sub-r011s021_T1_lin.nii.gz,
/vol/ciamspace/datasets/atlas/processed/skull_stripped/patient_58_sub-r003s008_T1_lin.nii.gz,
/vol/ciamspace/datasets/atlas/processed/skull_stripped/patient_157_sub-r009s040_T1_lin.nii.gz,
/vol/ciamspace/datasets/atlas/processed/skull_stripped/patient_138_sub-r009s018_T1_lin.nii.gz,
/vol/ciamspace/datasets/atlas/processed/skull_stripped/patient_406_sub-r031s029_T1_lin.nii.gz,
/vol/ciamspace/datasets/atlas/processed/skull_stripped/patient_55_sub-r003s005_T1_lin.nii.gz,
/vol/ciamspace/datasets/atlas/processed/skull_stripped/patient_335_sub-r024s005_T1_lin.nii.gz,
/vol/ciamspace/datasets/atlas/processed/skull_stripped/patient_435_sub-r034s040_T1_lin.nii.gz,
/vol/ciamspace/datasets/atlas/processed/skull_stripped/patient_424_sub-r034s014_T1_lin.nii.gz,
/vol/ciamspace/datasets/atlas/processed/skull_stripped/patient_341_sub-r024s018_T1_lin.nii.gz,
/vol/ciamspace/datasets/atlas/processed/skull_stripped/patient_62_sub-r003s012_T1_lin.nii.gz,
/vol/ciamspace/datasets/atlas/processed/skull_stripped/patient_527_sub-r040s054_T1_lin.nii.gz,
/vol/ciamspace/datasets/atlas/processed/skull_stripped/patient_234_sub-r010s003_T1_lin.nii.gz,
/vol/ciamspace/datasets/atlas/processed/skull_stripped/patient_70_sub-r004s005_T1_lin.nii.gz,
/vol/ciamspace/datasets/atlas/processed/skull_stripped/patient_418_sub-r034s008_T1_lin.nii.gz,
/vol/ciamspace/datasets/atlas/processed/skull_stripped/patient_235_sub-r010s004_T1_lin.nii.gz,
/vol/ciamspace/datasets/atlas/processed/skull_stripped/patient_265_sub-r011s013_T1_lin.nii.gz,
/vol/ciamspace/datasets/atlas/processed/skull_stripped/patient_153_sub-r009s036_T1_lin.nii.gz,
/vol/ciamspace/datasets/atlas/processed/skull_stripped/patient_493_sub-r038s093_T1_lin.nii.gz,
/vol/ciamspace/datasets/atlas/processed/skull_stripped/patient_354_sub-r027s041_T1_lin.nii.gz,
/vol/ciamspace/datasets/atlas/processed/skull_stripped/patient_202_sub-r009s093_T1_lin.nii.gz,
/vol/ciamspace/datasets/atlas/processed/skull_stripped/patient_207_sub-r009s098_T1_lin.nii.gz,
/vol/ciamspace/datasets/atlas/processed/skull_stripped/patient_472_sub-r038s049_T1_lin.nii.gz,
/vol/ciamspace/datasets/atlas/processed/skull_stripped/patient_463_sub-r038s032_T1_lin.nii.gz,
/vol/ciamspace/datasets/atlas/processed/skull_stripped/patient_600_sub-r048s008_T1_lin.nii.gz,
/vol/ciamspace/datasets/atlas/processed/skull_stripped/patient_537_sub-r040s074_T1_lin.nii.gz,
/vol/ciamspace/datasets/atlas/processed/skull_stripped/patient_331_sub-r023s014_T1_lin.nii.gz,
/vol/ciamspace/datasets/atlas/processed/skull_stripped/patient_212_sub-r009s105_T1_lin.nii.gz,
/vol/ciamspace/datasets/atlas/processed/skull_stripped/patient_215_sub-r009s108_T1_lin.nii.gz,
/vol/ciamspace/datasets/atlas/processed/skull_stripped/patient_268_sub-r011s016_T1_lin.nii.gz,
/vol/ciamspace/datasets/atlas/processed/skull_stripped/patient_315_sub-r018s010_T1_lin.nii.gz,
/vol/ciamspace/datasets/atlas/processed/skull_stripped/patient_155_sub-r009s038_T1_lin.nii.gz,
/vol/ciamspace/datasets/atlas/processed/skull_stripped/patient_181_sub-r009s067_T1_lin.nii.gz,
/vol/ciamspace/datasets/atlas/processed/skull_stripped/patient_205_sub-r009s096_T1_lin.nii.gz,
/vol/ciamspace/datasets/atlas/processed/skull_stripped/patient_346_sub-r027s009_T1_lin.nii.gz,
/vol/ciamspace/datasets/atlas/processed/skull_stripped/patient_121_sub-r009s001_T1_lin.nii.gz,
/vol/ciamspace/datasets/atlas/processed/skull_stripped/patient_373_sub-r029s003_T1_lin.nii.gz,
/vol/ciamspace/datasets/atlas/processed/skull_stripped/patient_32_sub-r001s032_T1_lin.nii.gz,
/vol/ciamspace/datasets/atlas/processed/skull_stripped/patient_140_sub-r009s021_T1_lin.nii.gz,
/vol/ciamspace/datasets/atlas/processed/skull_stripped/patient_365_sub-r028s009_T1_lin.nii.gz,
/vol/ciamspace/datasets/atlas/processed/skull_stripped/patient_150_sub-r009s032_T1_lin.nii.gz,
/vol/ciamspace/datasets/atlas/processed/skull_stripped/patient_89_sub-r004s024_T1_lin.nii.gz,
/vol/ciamspace/datasets/atlas/processed/skull_stripped/patient_152_sub-r009s035_T1_lin.nii.gz,
/vol/ciamspace/datasets/atlas/processed/skull_stripped/patient_388_sub-r031s011_T1_lin.nii.gz,
/vol/ciamspace/datasets/atlas/processed/skull_stripped/patient_499_sub-r040s002_T1_lin.nii.gz,
/vol/ciamspace/datasets/atlas/processed/skull_stripped/patient_614_sub-r048s035_T1_lin.nii.gz,
/vol/ciamspace/datasets/atlas/processed/skull_stripped/patient_145_sub-r009s027_T1_lin.nii.gz,
/vol/ciamspace/datasets/atlas/processed/skull_stripped/patient_638_sub-r050s015_T1_lin.nii.gz,
/vol/ciamspace/datasets/atlas/processed/skull_stripped/patient_90_sub-r004s025_T1_lin.nii.gz,
/vol/ciamspace/datasets/atlas/processed/skull_stripped/patient_85_sub-r004s020_T1_lin.nii.gz,
/vol/ciamspace/datasets/atlas/processed/skull_stripped/patient_444_sub-r035s012_T1_lin.nii.gz,
/vol/ciamspace/datasets/atlas/processed/skull_stripped/patient_535_sub-r040s071_T1_lin.nii.gz,
/vol/ciamspace/datasets/atlas/processed/skull_stripped/patient_227_sub-r009s122_T1_lin.nii.gz,
/vol/ciamspace/datasets/atlas/processed/skull_stripped/patient_172_sub-r009s057_T1_lin.nii.gz,
/vol/ciamspace/datasets/atlas/processed/skull_stripped/patient_244_sub-r010s013_T1_lin.nii.gz,
/vol/ciamspace/datasets/atlas/processed/skull_stripped/patient_46_sub-r002s008_T1_lin.nii.gz,
/vol/ciamspace/datasets/atlas/processed/skull_stripped/patient_175_sub-r009s061_T1_lin.nii.gz,
/vol/ciamspace/datasets/atlas/processed/skull_stripped/patient_93_sub-r004s028_T1_lin.nii.gz,
/vol/ciamspace/datasets/atlas/processed/skull_stripped/patient_403_sub-r031s026_T1_lin.nii.gz,
/vol/ciamspace/datasets/atlas/processed/skull_stripped/patient_170_sub-r009s055_T1_lin.nii.gz,
/vol/ciamspace/datasets/atlas/processed/skull_stripped/patient_159_sub-r009s043_T1_lin.nii.gz,
/vol/ciamspace/datasets/atlas/processed/skull_stripped/patient_595_sub-r047s048_T1_lin.nii.gz,
/vol/ciamspace/datasets/atlas/processed/skull_stripped/patient_650_sub-r052s025_T1_lin.nii.gz,
/vol/ciamspace/datasets/atlas/processed/skull_stripped/patient_381_sub-r031s004_T1_lin.nii.gz,
/vol/ciamspace/datasets/atlas/processed/skull_stripped/patient_285_sub-r011s033_T1_lin.nii.gz,
/vol/ciamspace/datasets/atlas/processed/skull_stripped/patient_272_sub-r011s020_T1_lin.nii.gz,
/vol/ciamspace/datasets/atlas/processed/skull_stripped/patient_123_sub-r009s003_T1_lin.nii.gz,
/vol/ciamspace/datasets/atlas/processed/skull_stripped/patient_75_sub-r004s010_T1_lin.nii.gz,
/vol/ciamspace/datasets/atlas/processed/skull_stripped/patient_230_sub-r009s125_T1_lin.nii.gz,
/vol/ciamspace/datasets/atlas/processed/skull_stripped/patient_601_sub-r048s010_T1_lin.nii.gz,
/vol/ciamspace/datasets/atlas/processed/skull_stripped/patient_160_sub-r009s044_T1_lin.nii.gz,
/vol/ciamspace/datasets/atlas/processed/skull_stripped/patient_136_sub-r009s016_T1_lin.nii.gz,
/vol/ciamspace/datasets/atlas/processed/skull_stripped/patient_386_sub-r031s009_T1_lin.nii.gz,
/vol/ciamspace/datasets/atlas/processed/skull_stripped/patient_314_sub-r018s008_T1_lin.nii.gz,
/vol/ciamspace/datasets/atlas/processed/skull_stripped/patient_540_sub-r040s078_T1_lin.nii.gz,
/vol/ciamspace/datasets/atlas/processed/skull_stripped/patient_478_sub-r038s061_T1_lin.nii.gz,
/vol/ciamspace/datasets/atlas/processed/skull_stripped/patient_426_sub-r034s021_T1_lin.nii.gz,
/vol/ciamspace/datasets/atlas/processed/skull_stripped/patient_484_sub-r038s071_T1_lin.nii.gz,
/vol/ciamspace/datasets/atlas/processed/skull_stripped/patient_425_sub-r034s015_T1_lin.nii.gz,
/vol/ciamspace/datasets/atlas/processed/skull_stripped/patient_38_sub-r001s039_T1_lin.nii.gz,
/vol/ciamspace/datasets/atlas/processed/skull_stripped/patient_34_sub-r001s034_T1_lin.nii.gz,
/vol/ciamspace/datasets/atlas/processed/skull_stripped/patient_470_sub-r038s047_T1_lin.nii.gz,
/vol/ciamspace/datasets/atlas/processed/skull_stripped/patient_251_sub-r010s023_T1_lin.nii.gz,
/vol/ciamspace/datasets/atlas/processed/skull_stripped/patient_391_sub-r031s014_T1_lin.nii.gz,
/vol/ciamspace/datasets/atlas/processed/skull_stripped/patient_36_sub-r001s037_T1_lin.nii.gz,
/vol/ciamspace/datasets/atlas/processed/skull_stripped/patient_452_sub-r038s016_T1_lin.nii.gz,
/vol/ciamspace/datasets/atlas/processed/skull_stripped/patient_254_sub-r010s027_T1_lin.nii.gz,
/vol/ciamspace/datasets/atlas/processed/skull_stripped/patient_588_sub-r047s037_T1_lin.nii.gz,
/vol/ciamspace/datasets/atlas/processed/skull_stripped/patient_165_sub-r009s050_T1_lin.nii.gz,
/vol/ciamspace/datasets/atlas/processed/skull_stripped/patient_380_sub-r031s003_T1_lin.nii.gz,
/vol/ciamspace/datasets/atlas/processed/skull_stripped/patient_448_sub-r038s006_T1_lin.nii.gz,
/vol/ciamspace/datasets/atlas/processed/skull_stripped/patient_646_sub-r052s016_T1_lin.nii.gz,
/vol/ciamspace/datasets/atlas/processed/skull_stripped/patient_222_sub-r009s117_T1_lin.nii.gz,
/vol/ciamspace/datasets/atlas/processed/skull_stripped/patient_10_sub-r001s010_T1_lin.nii.gz,
/vol/ciamspace/datasets/atlas/processed/skull_stripped/patient_467_sub-r038s040_T1_lin.nii.gz,
/vol/ciamspace/datasets/atlas/processed/skull_stripped/patient_318_sub-r019s001_T1_lin.nii.gz,
/vol/ciamspace/datasets/atlas/processed/skull_stripped/patient_190_sub-r009s079_T1_lin.nii.gz,
/vol/ciamspace/datasets/atlas/processed/skull_stripped/patient_53_sub-r003s003_T1_lin.nii.gz,
/vol/ciamspace/datasets/atlas/processed/skull_stripped/patient_49_sub-r002s011_T1_lin.nii.gz,
/vol/ciamspace/datasets/atlas/processed/skull_stripped/patient_543_sub-r042s001_T1_lin.nii.gz,
/vol/ciamspace/datasets/atlas/processed/skull_stripped/patient_250_sub-r010s022_T1_lin.nii.gz,
/vol/ciamspace/datasets/atlas/processed/skull_stripped/patient_183_sub-r009s072_T1_lin.nii.gz,
/vol/ciamspace/datasets/atlas/processed/skull_stripped/patient_50_sub-r002s012_T1_lin.nii.gz,
/vol/ciamspace/datasets/atlas/processed/skull_stripped/patient_209_sub-r009s100_T1_lin.nii.gz,
/vol/ciamspace/datasets/atlas/processed/skull_stripped/patient_197_sub-r009s088_T1_lin.nii.gz,
/vol/ciamspace/datasets/atlas/processed/skull_stripped/patient_242_sub-r010s011_T1_lin.nii.gz,
/vol/ciamspace/datasets/atlas/processed/skull_stripped/patient_482_sub-r038s068_T1_lin.nii.gz,
/vol/ciamspace/datasets/atlas/processed/skull_stripped/patient_124_sub-r009s004_T1_lin.nii.gz,
/vol/ciamspace/datasets/atlas/processed/skull_stripped/patient_582_sub-r047s021_T1_lin.nii.gz,
/vol/ciamspace/datasets/atlas/processed/skull_stripped/patient_134_sub-r009s014_T1_lin.nii.gz,
/vol/ciamspace/datasets/atlas/processed/skull_stripped/patient_188_sub-r009s077_T1_lin.nii.gz,
/vol/ciamspace/datasets/atlas/processed/skull_stripped/patient_369_sub-r028s014_T1_lin.nii.gz,
/vol/ciamspace/datasets/atlas/processed/skull_stripped/patient_228_sub-r009s123_T1_lin.nii.gz,
/vol/ciamspace/datasets/atlas/processed/skull_stripped/patient_655_sub-r052s032_T1_lin.nii.gz,
/vol/ciamspace/datasets/atlas/processed/skull_stripped/patient_317_sub-r018s012_T1_lin.nii.gz,
/vol/ciamspace/datasets/atlas/processed/skull_stripped/patient_594_sub-r047s046_T1_lin.nii.gz,
/vol/ciamspace/datasets/atlas/processed/skull_stripped/patient_2_sub-r001s002_T1_lin.nii.gz,
/vol/ciamspace/datasets/atlas/processed/skull_stripped/patient_12_sub-r001s012_T1_lin.nii.gz,
/vol/ciamspace/datasets/atlas/processed/skull_stripped/patient_167_sub-r009s052_T1_lin.nii.gz,
/vol/ciamspace/datasets/atlas/processed/skull_stripped/patient_420_sub-r034s010_T1_lin.nii.gz,
/vol/ciamspace/datasets/atlas/processed/skull_stripped/patient_613_sub-r048s034_T1_lin.nii.gz,
/vol/ciamspace/datasets/atlas/processed/skull_stripped/patient_28_sub-r001s028_T1_lin.nii.gz,
/vol/ciamspace/datasets/atlas/processed/skull_stripped/patient_355_sub-r027s042_T1_lin.nii.gz,
/vol/ciamspace/datasets/atlas/processed/skull_stripped/patient_264_sub-r011s012_T1_lin.nii.gz,
/vol/ciamspace/datasets/atlas/processed/skull_stripped/patient_164_sub-r009s049_T1_lin.nii.gz,
/vol/ciamspace/datasets/atlas/processed/skull_stripped/patient_52_sub-r003s002_T1_lin.nii.gz,
/vol/ciamspace/datasets/atlas/processed/skull_stripped/patient_258_sub-r011s001_T1_lin.nii.gz,
/vol/ciamspace/datasets/atlas/processed/skull_stripped/patient_419_sub-r034s009_T1_lin.nii.gz,
/vol/ciamspace/datasets/atlas/processed/skull_stripped/patient_382_sub-r031s005_T1_lin.nii.gz,
/vol/ciamspace/datasets/atlas/processed/skull_stripped/patient_184_sub-r009s073_T1_lin.nii.gz,
/vol/ciamspace/datasets/atlas/processed/skull_stripped/patient_402_sub-r031s025_T1_lin.nii.gz,
/vol/ciamspace/datasets/atlas/processed/skull_stripped/patient_564_sub-r045s003_T1_lin.nii.gz,
/vol/ciamspace/datasets/atlas/processed/skull_stripped/patient_71_sub-r004s006_T1_lin.nii.gz,
/vol/ciamspace/datasets/atlas/processed/skull_stripped/patient_479_sub-r038s064_T1_lin.nii.gz,
/vol/ciamspace/datasets/atlas/processed/skull_stripped/patient_103_sub-r005s015_T1_lin.nii.gz,
/vol/ciamspace/datasets/atlas/processed/skull_stripped/patient_312_sub-r018s001_T1_lin.nii.gz,
/vol/ciamspace/datasets/atlas/processed/skull_stripped/patient_410_sub-r031s033_T1_lin.nii.gz,
/vol/ciamspace/datasets/atlas/processed/skull_stripped/patient_405_sub-r031s028_T1_lin.nii.gz,
/vol/ciamspace/datasets/atlas/processed/skull_stripped/patient_539_sub-r040s076_T1_lin.nii.gz,
/vol/ciamspace/datasets/atlas/processed/skull_stripped/patient_279_sub-r011s027_T1_lin.nii.gz,
/vol/ciamspace/datasets/atlas/processed/skull_stripped/patient_248_sub-r010s019_T1_lin.nii.gz,
/vol/ciamspace/datasets/atlas/processed/skull_stripped/patient_581_sub-r047s018_T1_lin.nii.gz,
/vol/ciamspace/datasets/atlas/processed/skull_stripped/patient_489_sub-r038s084_T1_lin.nii.gz,
/vol/ciamspace/datasets/atlas/processed/skull_stripped/patient_370_sub-r028s017_T1_lin.nii.gz,
/vol/ciamspace/datasets/atlas/processed/skull_stripped/patient_330_sub-r023s009_T1_lin.nii.gz,
/vol/ciamspace/datasets/atlas/processed/skull_stripped/patient_294_sub-r015s008_T1_lin.nii.gz,
/vol/ciamspace/datasets/atlas/processed/skull_stripped/patient_491_sub-r038s089_T1_lin.nii.gz,
/vol/ciamspace/datasets/atlas/processed/skull_stripped/patient_569_sub-r046s008_T1_lin.nii.gz,
/vol/ciamspace/datasets/atlas/processed/skull_stripped/patient_507_sub-r040s017_T1_lin.nii.gz,
/vol/ciamspace/datasets/atlas/processed/skull_stripped/patient_396_sub-r031s019_T1_lin.nii.gz,
/vol/ciamspace/datasets/atlas/processed/skull_stripped/patient_517_sub-r040s042_T1_lin.nii.gz,
/vol/ciamspace/datasets/atlas/processed/skull_stripped/patient_106_sub-r005s045_T1_lin.nii.gz,
/vol/ciamspace/datasets/atlas/processed/skull_stripped/patient_84_sub-r004s019_T1_lin.nii.gz,
/vol/ciamspace/datasets/atlas/processed/skull_stripped/patient_247_sub-r010s018_T1_lin.nii.gz,
/vol/ciamspace/datasets/atlas/processed/skull_stripped/patient_519_sub-r040s044_T1_lin.nii.gz,
/vol/ciamspace/datasets/atlas/processed/skull_stripped/patient_33_sub-r001s033_T1_lin.nii.gz,
/vol/ciamspace/datasets/atlas/processed/skull_stripped/patient_560_sub-r042s035_T1_lin.nii.gz,
/vol/ciamspace/datasets/atlas/processed/skull_stripped/patient_158_sub-r009s041_T1_lin.nii.gz,
/vol/ciamspace/datasets/atlas/processed/skull_stripped/patient_204_sub-r009s095_T1_lin.nii.gz,
/vol/ciamspace/datasets/atlas/processed/skull_stripped/patient_622_sub-r049s010_T1_lin.nii.gz,
/vol/ciamspace/datasets/atlas/processed/skull_stripped/patient_645_sub-r052s015_T1_lin.nii.gz,
/vol/ciamspace/datasets/atlas/processed/skull_stripped/patient_219_sub-r009s113_T1_lin.nii.gz,
/vol/ciamspace/datasets/atlas/processed/skull_stripped/patient_515_sub-r040s037_T1_lin.nii.gz,
/vol/ciamspace/datasets/atlas/processed/skull_stripped/patient_194_sub-r009s085_T1_lin.nii.gz,
/vol/ciamspace/datasets/atlas/processed/skull_stripped/patient_353_sub-r027s035_T1_lin.nii.gz,
/vol/ciamspace/datasets/atlas/processed/skull_stripped/patient_162_sub-r009s046_T1_lin.nii.gz,
/vol/ciamspace/datasets/atlas/processed/skull_stripped/patient_146_sub-r009s028_T1_lin.nii.gz,
/vol/ciamspace/datasets/atlas/processed/skull_stripped/patient_40_sub-r002s002_T1_lin.nii.gz,
/vol/ciamspace/datasets/atlas/processed/skull_stripped/patient_634_sub-r050s005_T1_lin.nii.gz,
/vol/ciamspace/datasets/atlas/processed/skull_stripped/patient_631_sub-r049s028_T1_lin.nii.gz,
/vol/ciamspace/datasets/atlas/processed/skull_stripped/patient_66_sub-r004s001_T1_lin.nii.gz,
/vol/ciamspace/datasets/atlas/processed/skull_stripped/patient_490_sub-r038s085_T1_lin.nii.gz,
/vol/ciamspace/datasets/atlas/processed/skull_stripped/patient_44_sub-r002s006_T1_lin.nii.gz,
/vol/ciamspace/datasets/atlas/processed/skull_stripped/patient_572_sub-r047s001_T1_lin.nii.gz,
/vol/ciamspace/datasets/atlas/processed/skull_stripped/patient_303_sub-r015s027_T1_lin.nii.gz,
/vol/ciamspace/datasets/atlas/processed/skull_stripped/patient_644_sub-r052s014_T1_lin.nii.gz,
/vol/ciamspace/datasets/atlas/processed/skull_stripped/patient_305_sub-r017s105_T1_lin.nii.gz,
/vol/ciamspace/datasets/atlas/processed/skull_stripped/patient_548_sub-r042s011_T1_lin.nii.gz,
/vol/ciamspace/datasets/atlas/processed/skull_stripped/patient_198_sub-r009s089_T1_lin.nii.gz,
/vol/ciamspace/datasets/atlas/processed/skull_stripped/patient_236_sub-r010s005_T1_lin.nii.gz,
/vol/ciamspace/datasets/atlas/processed/skull_stripped/patient_549_sub-r042s013_T1_lin.nii.gz,
/vol/ciamspace/datasets/atlas/processed/skull_stripped/patient_206_sub-r009s097_T1_lin.nii.gz,
/vol/ciamspace/datasets/atlas/processed/skull_stripped/patient_177_sub-r009s063_T1_lin.nii.gz,
/vol/ciamspace/datasets/atlas/processed/skull_stripped/patient_17_sub-r001s017_T1_lin.nii.gz,
/vol/ciamspace/datasets/atlas/processed/skull_stripped/patient_73_sub-r004s008_T1_lin.nii.gz,
/vol/ciamspace/datasets/atlas/processed/skull_stripped/patient_481_sub-r038s067_T1_lin.nii.gz,
/vol/ciamspace/datasets/atlas/processed/skull_stripped/patient_19_sub-r001s019_T1_lin.nii.gz,
/vol/ciamspace/datasets/atlas/processed/skull_stripped/patient_216_sub-r009s109_T1_lin.nii.gz,
/vol/ciamspace/datasets/atlas/processed/skull_stripped/patient_316_sub-r018s011_T1_lin.nii.gz,
/vol/ciamspace/datasets/atlas/processed/skull_stripped/patient_401_sub-r031s024_T1_lin.nii.gz,
/vol/ciamspace/datasets/atlas/processed/skull_stripped/patient_68_sub-r004s003_T1_lin.nii.gz,
/vol/ciamspace/datasets/atlas/processed/skull_stripped/patient_94_sub-r004s029_T1_lin.nii.gz,
/vol/ciamspace/datasets/atlas/processed/skull_stripped/patient_603_sub-r048s012_T1_lin.nii.gz,
/vol/ciamspace/datasets/atlas/processed/skull_stripped/patient_191_sub-r009s082_T1_lin.nii.gz,
/vol/ciamspace/datasets/atlas/processed/skull_stripped/patient_629_sub-r049s025_T1_lin.nii.gz,
/vol/ciamspace/datasets/atlas/processed/skull_stripped/patient_587_sub-r047s036_T1_lin.nii.gz,
/vol/ciamspace/datasets/atlas/processed/skull_stripped/patient_619_sub-r048s043_T1_lin.nii.gz,
/vol/ciamspace/datasets/atlas/processed/skull_stripped/patient_570_sub-r046s011_T1_lin.nii.gz,
/vol/ciamspace/datasets/atlas/processed/skull_stripped/patient_379_sub-r031s002_T1_lin.nii.gz,
/vol/ciamspace/datasets/atlas/processed/skull_stripped/patient_16_sub-r001s016_T1_lin.nii.gz,
/vol/ciamspace/datasets/atlas/processed/skull_stripped/patient_8_sub-r001s008_T1_lin.nii.gz,
/vol/ciamspace/datasets/atlas/processed/skull_stripped/patient_421_sub-r034s011_T1_lin.nii.gz,
/vol/ciamspace/datasets/atlas/processed/skull_stripped/patient_443_sub-r035s011_T1_lin.nii.gz,
/vol/ciamspace/datasets/atlas/processed/skull_stripped/patient_224_sub-r009s119_T1_lin.nii.gz,
/vol/ciamspace/datasets/atlas/processed/skull_stripped/patient_552_sub-r042s021_T1_lin.nii.gz,
/vol/ciamspace/datasets/atlas/processed/skull_stripped/patient_27_sub-r001s027_T1_lin.nii.gz,
/vol/ciamspace/datasets/atlas/processed/skull_stripped/patient_356_sub-r027s047_T1_lin.nii.gz,
/vol/ciamspace/datasets/atlas/processed/skull_stripped/patient_239_sub-r010s008_T1_lin.nii.gz,
/vol/ciamspace/datasets/atlas/processed/skull_stripped/patient_182_sub-r009s071_T1_lin.nii.gz,
/vol/ciamspace/datasets/atlas/processed/skull_stripped/patient_404_sub-r031s027_T1_lin.nii.gz,
/vol/ciamspace/datasets/atlas/processed/skull_stripped/patient_584_sub-r047s027_T1_lin.nii.gz,
/vol/ciamspace/datasets/atlas/processed/skull_stripped/patient_414_sub-r031s037_T1_lin.nii.gz,
/vol/ciamspace/datasets/atlas/processed/skull_stripped/patient_546_sub-r042s008_T1_lin.nii.gz,
/vol/ciamspace/datasets/atlas/processed/skull_stripped/patient_43_sub-r002s005_T1_lin.nii.gz,
/vol/ciamspace/datasets/atlas/processed/skull_stripped/patient_639_sub-r052s001_T1_lin.nii.gz,
/vol/ciamspace/datasets/atlas/processed/skull_stripped/patient_118_sub-r005s076_T1_lin.nii.gz