/vol/ciamspace/datasets/brats/brats_20/processed/registered_mni152_1mm/train_data/7_T1_lin.nii.gz,
/vol/ciamspace/datasets/brats/brats_20/processed/registered_mni152_1mm/train_data/296_T1_lin.nii.gz,
/vol/ciamspace/datasets/brats/brats_20/processed/registered_mni152_1mm/train_data/66_T1_lin.nii.gz,
/vol/ciamspace/datasets/brats/brats_20/processed/registered_mni152_1mm/train_data/161_T1_lin.nii.gz,
/vol/ciamspace/datasets/brats/brats_20/processed/registered_mni152_1mm/train_data/111_T1_lin.nii.gz,
/vol/ciamspace/datasets/brats/brats_20/processed/registered_mni152_1mm/train_data/311_T1_lin.nii.gz,
/vol/ciamspace/datasets/brats/brats_20/processed/registered_mni152_1mm/train_data/70_T1_lin.nii.gz,
/vol/ciamspace/datasets/brats/brats_20/processed/registered_mni152_1mm/train_data/286_T1_lin.nii.gz,
/vol/ciamspace/datasets/brats/brats_20/processed/registered_mni152_1mm/train_data/168_T1_lin.nii.gz,
/vol/ciamspace/datasets/brats/brats_20/processed/registered_mni152_1mm/train_data/96_T1_lin.nii.gz,
/vol/ciamspace/datasets/brats/brats_20/processed/registered_mni152_1mm/train_data/32_T1_lin.nii.gz,
/vol/ciamspace/datasets/brats/brats_20/processed/registered_mni152_1mm/train_data/170_T1_lin.nii.gz,
/vol/ciamspace/datasets/brats/brats_20/processed/registered_mni152_1mm/train_data/28_T1_lin.nii.gz,
/vol/ciamspace/datasets/brats/brats_20/processed/registered_mni152_1mm/train_data/129_T1_lin.nii.gz,
/vol/ciamspace/datasets/brats/brats_20/processed/registered_mni152_1mm/train_data/20_T1_lin.nii.gz,
/vol/ciamspace/datasets/brats/brats_20/processed/registered_mni152_1mm/train_data/98_T1_lin.nii.gz,
/vol/ciamspace/datasets/brats/brats_20/processed/registered_mni152_1mm/train_data/176_T1_lin.nii.gz,
/vol/ciamspace/datasets/brats/brats_20/processed/registered_mni152_1mm/train_data/365_T1_lin.nii.gz,
/vol/ciamspace/datasets/brats/brats_20/processed/registered_mni152_1mm/train_data/117_T1_lin.nii.gz,
/vol/ciamspace/datasets/brats/brats_20/processed/registered_mni152_1mm/train_data/357_T1_lin.nii.gz,
/vol/ciamspace/datasets/brats/brats_20/processed/registered_mni152_1mm/train_data/274_T1_lin.nii.gz,
/vol/ciamspace/datasets/brats/brats_20/processed/registered_mni152_1mm/train_data/232_T1_lin.nii.gz,
/vol/ciamspace/datasets/brats/brats_20/processed/registered_mni152_1mm/train_data/254_T1_lin.nii.gz,
/vol/ciamspace/datasets/brats/brats_20/processed/registered_mni152_1mm/train_data/116_T1_lin.nii.gz,
/vol/ciamspace/datasets/brats/brats_20/processed/registered_mni152_1mm/train_data/319_T1_lin.nii.gz,
/vol/ciamspace/datasets/brats/brats_20/processed/registered_mni152_1mm/train_data/8_T1_lin.nii.gz,
/vol/ciamspace/datasets/brats/brats_20/processed/registered_mni152_1mm/train_data/287_T1_lin.nii.gz,
/vol/ciamspace/datasets/brats/brats_20/processed/registered_mni152_1mm/train_data/144_T1_lin.nii.gz,
/vol/ciamspace/datasets/brats/brats_20/processed/registered_mni152_1mm/train_data/220_T1_lin.nii.gz,
/vol/ciamspace/datasets/brats/brats_20/processed/registered_mni152_1mm/train_data/174_T1_lin.nii.gz,
/vol/ciamspace/datasets/brats/brats_20/processed/registered_mni152_1mm/train_data/84_T1_lin.nii.gz,
/vol/ciamspace/datasets/brats/brats_20/processed/registered_mni152_1mm/train_data/256_T1_lin.nii.gz,
/vol/ciamspace/datasets/brats/brats_20/processed/registered_mni152_1mm/train_data/240_T1_lin.nii.gz,
/vol/ciamspace/datasets/brats/brats_20/processed/registered_mni152_1mm/train_data/257_T1_lin.nii.gz,
/vol/ciamspace/datasets/brats/brats_20/processed/registered_mni152_1mm/train_data/369_T1_lin.nii.gz,
/vol/ciamspace/datasets/brats/brats_20/processed/registered_mni152_1mm/train_data/85_T1_lin.nii.gz,
/vol/ciamspace/datasets/brats/brats_20/processed/registered_mni152_1mm/train_data/306_T1_lin.nii.gz,
/vol/ciamspace/datasets/brats/brats_20/processed/registered_mni152_1mm/train_data/33_T1_lin.nii.gz,
/vol/ciamspace/datasets/brats/brats_20/processed/registered_mni152_1mm/train_data/361_T1_lin.nii.gz,
/vol/ciamspace/datasets/brats/brats_20/processed/registered_mni152_1mm/train_data/301_T1_lin.nii.gz,
/vol/ciamspace/datasets/brats/brats_20/processed/registered_mni152_1mm/train_data/192_T1_lin.nii.gz,
/vol/ciamspace/datasets/brats/brats_20/processed/registered_mni152_1mm/train_data/305_T1_lin.nii.gz,
/vol/ciamspace/datasets/brats/brats_20/processed/registered_mni152_1mm/train_data/348_T1_lin.nii.gz,
/vol/ciamspace/datasets/brats/brats_20/processed/registered_mni152_1mm/train_data/166_T1_lin.nii.gz,
/vol/ciamspace/datasets/brats/brats_20/processed/registered_mni152_1mm/train_data/186_T1_lin.nii.gz,
/vol/ciamspace/datasets/brats/brats_20/processed/registered_mni152_1mm/train_data/1_T1_lin.nii.gz,
/vol/ciamspace/datasets/brats/brats_20/processed/registered_mni152_1mm/train_data/122_T1_lin.nii.gz,
/vol/ciamspace/datasets/brats/brats_20/processed/registered_mni152_1mm/train_data/126_T1_lin.nii.gz,
/vol/ciamspace/datasets/brats/brats_20/processed/registered_mni152_1mm/train_data/149_T1_lin.nii.gz,
/vol/ciamspace/datasets/brats/brats_20/processed/registered_mni152_1mm/train_data/294_T1_lin.nii.gz,
/vol/ciamspace/datasets/brats/brats_20/processed/registered_mni152_1mm/train_data/190_T1_lin.nii.gz,
/vol/ciamspace/datasets/brats/brats_20/processed/registered_mni152_1mm/train_data/140_T1_lin.nii.gz,
/vol/ciamspace/datasets/brats/brats_20/processed/registered_mni152_1mm/train_data/195_T1_lin.nii.gz,
/vol/ciamspace/datasets/brats/brats_20/processed/registered_mni152_1mm/train_data/139_T1_lin.nii.gz,
/vol/ciamspace/datasets/brats/brats_20/processed/registered_mni152_1mm/train_data/292_T1_lin.nii.gz,
/vol/ciamspace/datasets/brats/brats_20/processed/registered_mni152_1mm/train_data/337_T1_lin.nii.gz,
/vol/ciamspace/datasets/brats/brats_20/processed/registered_mni152_1mm/train_data/264_T1_lin.nii.gz,
/vol/ciamspace/datasets/brats/brats_20/processed/registered_mni152_1mm/train_data/210_T1_lin.nii.gz,
/vol/ciamspace/datasets/brats/brats_20/processed/registered_mni152_1mm/train_data/107_T1_lin.nii.gz,
/vol/ciamspace/datasets/brats/brats_20/processed/registered_mni152_1mm/train_data/74_T1_lin.nii.gz,
/vol/ciamspace/datasets/brats/brats_20/processed/registered_mni152_1mm/train_data/209_T1_lin.nii.gz,
/vol/ciamspace/datasets/brats/brats_20/processed/registered_mni152_1mm/train_data/148_T1_lin.nii.gz,
/vol/ciamspace/datasets/brats/brats_20/processed/registered_mni152_1mm/train_data/119_T1_lin.nii.gz,
/vol/ciamspace/datasets/brats/brats_20/processed/registered_mni152_1mm/train_data/246_T1_lin.nii.gz,
/vol/ciamspace/datasets/brats/brats_20/processed/registered_mni152_1mm/train_data/49_T1_lin.nii.gz,
/vol/ciamspace/datasets/brats/brats_20/processed/registered_mni152_1mm/train_data/214_T1_lin.nii.gz,
/vol/ciamspace/datasets/brats/brats_20/processed/registered_mni152_1mm/train_data/199_T1_lin.nii.gz,
/vol/ciamspace/datasets/brats/brats_20/processed/registered_mni152_1mm/train_data/130_T1_lin.nii.gz,
/vol/ciamspace/datasets/brats/brats_20/processed/registered_mni152_1mm/train_data/115_T1_lin.nii.gz,
/vol/ciamspace/datasets/brats/brats_20/processed/registered_mni152_1mm/train_data/69_T1_lin.nii.gz,
/vol/ciamspace/datasets/brats/brats_20/processed/registered_mni152_1mm/train_data/230_T1_lin.nii.gz,
/vol/ciamspace/datasets/brats/brats_20/processed/registered_mni152_1mm/train_data/278_T1_lin.nii.gz,
/vol/ciamspace/datasets/brats/brats_20/processed/registered_mni152_1mm/train_data/94_T1_lin.nii.gz,
/vol/ciamspace/datasets/brats/brats_20/processed/registered_mni152_1mm/train_data/277_T1_lin.nii.gz,
/vol/ciamspace/datasets/brats/brats_20/processed/registered_mni152_1mm/train_data/359_T1_lin.nii.gz,
/vol/ciamspace/datasets/brats/brats_20/processed/registered_mni152_1mm/train_data/14_T1_lin.nii.gz,
/vol/ciamspace/datasets/brats/brats_20/processed/registered_mni152_1mm/train_data/336_T1_lin.nii.gz,
/vol/ciamspace/datasets/brats/brats_20/processed/registered_mni152_1mm/train_data/298_T1_lin.nii.gz,
/vol/ciamspace/datasets/brats/brats_20/processed/registered_mni152_1mm/train_data/133_T1_lin.nii.gz,
/vol/ciamspace/datasets/brats/brats_20/processed/registered_mni152_1mm/train_data/134_T1_lin.nii.gz,
/vol/ciamspace/datasets/brats/brats_20/processed/registered_mni152_1mm/train_data/143_T1_lin.nii.gz,
/vol/ciamspace/datasets/brats/brats_20/processed/registered_mni152_1mm/train_data/197_T1_lin.nii.gz,
/vol/ciamspace/datasets/brats/brats_20/processed/registered_mni152_1mm/train_data/97_T1_lin.nii.gz,
/vol/ciamspace/datasets/brats/brats_20/processed/registered_mni152_1mm/train_data/343_T1_lin.nii.gz,
/vol/ciamspace/datasets/brats/brats_20/processed/registered_mni152_1mm/train_data/353_T1_lin.nii.gz,
/vol/ciamspace/datasets/brats/brats_20/processed/registered_mni152_1mm/train_data/203_T1_lin.nii.gz,
/vol/ciamspace/datasets/brats/brats_20/processed/registered_mni152_1mm/train_data/313_T1_lin.nii.gz,
/vol/ciamspace/datasets/brats/brats_20/processed/registered_mni152_1mm/train_data/150_T1_lin.nii.gz,
/vol/ciamspace/datasets/brats/brats_20/processed/registered_mni152_1mm/train_data/289_T1_lin.nii.gz,
/vol/ciamspace/datasets/brats/brats_20/processed/registered_mni152_1mm/train_data/180_T1_lin.nii.gz,
/vol/ciamspace/datasets/brats/brats_20/processed/registered_mni152_1mm/train_data/44_T1_lin.nii.gz,
/vol/ciamspace/datasets/brats/brats_20/processed/registered_mni152_1mm/train_data/57_T1_lin.nii.gz,
/vol/ciamspace/datasets/brats/brats_20/processed/registered_mni152_1mm/train_data/162_T1_lin.nii.gz,
/vol/ciamspace/datasets/brats/brats_20/processed/registered_mni152_1mm/train_data/76_T1_lin.nii.gz,
/vol/ciamspace/datasets/brats/brats_20/processed/registered_mni152_1mm/train_data/45_T1_lin.nii.gz,
/vol/ciamspace/datasets/brats/brats_20/processed/registered_mni152_1mm/train_data/216_T1_lin.nii.gz,
/vol/ciamspace/datasets/brats/brats_20/processed/registered_mni152_1mm/train_data/68_T1_lin.nii.gz,
/vol/ciamspace/datasets/brats/brats_20/processed/registered_mni152_1mm/train_data/30_T1_lin.nii.gz,
/vol/ciamspace/datasets/brats/brats_20/processed/registered_mni152_1mm/train_data/71_T1_lin.nii.gz,
/vol/ciamspace/datasets/brats/brats_20/processed/registered_mni152_1mm/train_data/285_T1_lin.nii.gz,
/vol/ciamspace/datasets/brats/brats_20/processed/registered_mni152_1mm/train_data/269_T1_lin.nii.gz,
/vol/ciamspace/datasets/brats/brats_20/processed/registered_mni152_1mm/train_data/304_T1_lin.nii.gz,
/vol/ciamspace/datasets/brats/brats_20/processed/registered_mni152_1mm/train_data/310_T1_lin.nii.gz,
/vol/ciamspace/datasets/brats/brats_20/processed/registered_mni152_1mm/train_data/309_T1_lin.nii.gz,
/vol/ciamspace/datasets/brats/brats_20/processed/registered_mni152_1mm/train_data/194_T1_lin.nii.gz,
/vol/ciamspace/datasets/brats/brats_20/processed/registered_mni152_1mm/train_data/61_T1_lin.nii.gz,
/vol/ciamspace/datasets/brats/brats_20/processed/registered_mni152_1mm/train_data/88_T1_lin.nii.gz,
/vol/ciamspace/datasets/brats/brats_20/processed/registered_mni152_1mm/train_data/82_T1_lin.nii.gz,
/vol/ciamspace/datasets/brats/brats_20/processed/registered_mni152_1mm/train_data/339_T1_lin.nii.gz,
/vol/ciamspace/datasets/brats/brats_20/processed/registered_mni152_1mm/train_data/270_T1_lin.nii.gz,
/vol/ciamspace/datasets/brats/brats_20/processed/registered_mni152_1mm/train_data/239_T1_lin.nii.gz,
/vol/ciamspace/datasets/brats/brats_20/processed/registered_mni152_1mm/train_data/24_T1_lin.nii.gz,
/vol/ciamspace/datasets/brats/brats_20/processed/registered_mni152_1mm/train_data/322_T1_lin.nii.gz,
/vol/ciamspace/datasets/brats/brats_20/processed/registered_mni152_1mm/train_data/54_T1_lin.nii.gz,
/vol/ciamspace/datasets/brats/brats_20/processed/registered_mni152_1mm/train_data/3_T1_lin.nii.gz,
/vol/ciamspace/datasets/brats/brats_20/processed/registered_mni152_1mm/train_data/237_T1_lin.nii.gz,
/vol/ciamspace/datasets/brats/brats_20/processed/registered_mni152_1mm/train_data/283_T1_lin.nii.gz,
/vol/ciamspace/datasets/brats/brats_20/processed/registered_mni152_1mm/train_data/249_T1_lin.nii.gz,
/vol/ciamspace/datasets/brats/brats_20/processed/registered_mni152_1mm/train_data/266_T1_lin.nii.gz,
/vol/ciamspace/datasets/brats/brats_20/processed/registered_mni152_1mm/train_data/215_T1_lin.nii.gz,
/vol/ciamspace/datasets/brats/brats_20/processed/registered_mni152_1mm/train_data/91_T1_lin.nii.gz,
/vol/ciamspace/datasets/brats/brats_20/processed/registered_mni152_1mm/train_data/15_T1_lin.nii.gz,
/vol/ciamspace/datasets/brats/brats_20/processed/registered_mni152_1mm/train_data/154_T1_lin.nii.gz,
/vol/ciamspace/datasets/brats/brats_20/processed/registered_mni152_1mm/train_data/347_T1_lin.nii.gz,
/vol/ciamspace/datasets/brats/brats_20/processed/registered_mni152_1mm/train_data/221_T1_lin.nii.gz,
/vol/ciamspace/datasets/brats/brats_20/processed/registered_mni152_1mm/train_data/340_T1_lin.nii.gz,
/vol/ciamspace/datasets/brats/brats_20/processed/registered_mni152_1mm/train_data/21_T1_lin.nii.gz,
/vol/ciamspace/datasets/brats/brats_20/processed/registered_mni152_1mm/train_data/105_T1_lin.nii.gz,
/vol/ciamspace/datasets/brats/brats_20/processed/registered_mni152_1mm/train_data/293_T1_lin.nii.gz,
/vol/ciamspace/datasets/brats/brats_20/processed/registered_mni152_1mm/train_data/104_T1_lin.nii.gz,
/vol/ciamspace/datasets/brats/brats_20/processed/registered_mni152_1mm/train_data/242_T1_lin.nii.gz,
/vol/ciamspace/datasets/brats/brats_20/processed/registered_mni152_1mm/train_data/41_T1_lin.nii.gz,
/vol/ciamspace/datasets/brats/brats_20/processed/registered_mni152_1mm/train_data/90_T1_lin.nii.gz,
/vol/ciamspace/datasets/brats/brats_20/processed/registered_mni152_1mm/train_data/153_T1_lin.nii.gz,
/vol/ciamspace/datasets/brats/brats_20/processed/registered_mni152_1mm/train_data/81_T1_lin.nii.gz,
/vol/ciamspace/datasets/brats/brats_20/processed/registered_mni152_1mm/train_data/95_T1_lin.nii.gz,
/vol/ciamspace/datasets/brats/brats_20/processed/registered_mni152_1mm/train_data/248_T1_lin.nii.gz,
/vol/ciamspace/datasets/brats/brats_20/processed/registered_mni152_1mm/train_data/182_T1_lin.nii.gz,
/vol/ciamspace/datasets/brats/brats_20/processed/registered_mni152_1mm/train_data/208_T1_lin.nii.gz,
/vol/ciamspace/datasets/brats/brats_20/processed/registered_mni152_1mm/train_data/185_T1_lin.nii.gz,
/vol/ciamspace/datasets/brats/brats_20/processed/registered_mni152_1mm/train_data/272_T1_lin.nii.gz,
/vol/ciamspace/datasets/brats/brats_20/processed/registered_mni152_1mm/train_data/253_T1_lin.nii.gz,
/vol/ciamspace/datasets/brats/brats_20/processed/registered_mni152_1mm/train_data/36_T1_lin.nii.gz,
/vol/ciamspace/datasets/brats/brats_20/processed/registered_mni152_1mm/train_data/142_T1_lin.nii.gz,
/vol/ciamspace/datasets/brats/brats_20/processed/registered_mni152_1mm/train_data/125_T1_lin.nii.gz,
/vol/ciamspace/datasets/brats/brats_20/processed/registered_mni152_1mm/train_data/231_T1_lin.nii.gz,
/vol/ciamspace/datasets/brats/brats_20/processed/registered_mni152_1mm/train_data/25_T1_lin.nii.gz,
/vol/ciamspace/datasets/brats/brats_20/processed/registered_mni152_1mm/train_data/12_T1_lin.nii.gz,
/vol/ciamspace/datasets/brats/brats_20/processed/registered_mni152_1mm/train_data/281_T1_lin.nii.gz,
/vol/ciamspace/datasets/brats/brats_20/processed/registered_mni152_1mm/train_data/48_T1_lin.nii.gz,
/vol/ciamspace/datasets/brats/brats_20/processed/registered_mni152_1mm/train_data/6_T1_lin.nii.gz,
/vol/ciamspace/datasets/brats/brats_20/processed/registered_mni152_1mm/train_data/60_T1_lin.nii.gz,
/vol/ciamspace/datasets/brats/brats_20/processed/registered_mni152_1mm/train_data/17_T1_lin.nii.gz,
/vol/ciamspace/datasets/brats/brats_20/processed/registered_mni152_1mm/train_data/307_T1_lin.nii.gz,
/vol/ciamspace/datasets/brats/brats_20/processed/registered_mni152_1mm/train_data/156_T1_lin.nii.gz,
/vol/ciamspace/datasets/brats/brats_20/processed/registered_mni152_1mm/train_data/179_T1_lin.nii.gz,
/vol/ciamspace/datasets/brats/brats_20/processed/registered_mni152_1mm/train_data/245_T1_lin.nii.gz,
/vol/ciamspace/datasets/brats/brats_20/processed/registered_mni152_1mm/train_data/29_T1_lin.nii.gz,
/vol/ciamspace/datasets/brats/brats_20/processed/registered_mni152_1mm/train_data/344_T1_lin.nii.gz,
/vol/ciamspace/datasets/brats/brats_20/processed/registered_mni152_1mm/train_data/328_T1_lin.nii.gz,
/vol/ciamspace/datasets/brats/brats_20/processed/registered_mni152_1mm/train_data/295_T1_lin.nii.gz,
/vol/ciamspace/datasets/brats/brats_20/processed/registered_mni152_1mm/train_data/276_T1_lin.nii.gz,
/vol/ciamspace/datasets/brats/brats_20/processed/registered_mni152_1mm/train_data/363_T1_lin.nii.gz,
/vol/ciamspace/datasets/brats/brats_20/processed/registered_mni152_1mm/train_data/177_T1_lin.nii.gz,
/vol/ciamspace/datasets/brats/brats_20/processed/registered_mni152_1mm/train_data/351_T1_lin.nii.gz,
/vol/ciamspace/datasets/brats/brats_20/processed/registered_mni152_1mm/train_data/273_T1_lin.nii.gz,
/vol/ciamspace/datasets/brats/brats_20/processed/registered_mni152_1mm/train_data/37_T1_lin.nii.gz,
/vol/ciamspace/datasets/brats/brats_20/processed/registered_mni152_1mm/train_data/367_T1_lin.nii.gz,
/vol/ciamspace/datasets/brats/brats_20/processed/registered_mni152_1mm/train_data/172_T1_lin.nii.gz,
/vol/ciamspace/datasets/brats/brats_20/processed/registered_mni152_1mm/train_data/267_T1_lin.nii.gz,
/vol/ciamspace/datasets/brats/brats_20/processed/registered_mni152_1mm/train_data/13_T1_lin.nii.gz,
/vol/ciamspace/datasets/brats/brats_20/processed/registered_mni152_1mm/train_data/80_T1_lin.nii.gz,
/vol/ciamspace/datasets/brats/brats_20/processed/registered_mni152_1mm/train_data/175_T1_lin.nii.gz,
/vol/ciamspace/datasets/brats/brats_20/processed/registered_mni152_1mm/train_data/279_T1_lin.nii.gz,
/vol/ciamspace/datasets/brats/brats_20/processed/registered_mni152_1mm/train_data/131_T1_lin.nii.gz,
/vol/ciamspace/datasets/brats/brats_20/processed/registered_mni152_1mm/train_data/11_T1_lin.nii.gz,
/vol/ciamspace/datasets/brats/brats_20/processed/registered_mni152_1mm/train_data/55_T1_lin.nii.gz,
/vol/ciamspace/datasets/brats/brats_20/processed/registered_mni152_1mm/train_data/53_T1_lin.nii.gz,
/vol/ciamspace/datasets/brats/brats_20/processed/registered_mni152_1mm/train_data/217_T1_lin.nii.gz,
/vol/ciamspace/datasets/brats/brats_20/processed/registered_mni152_1mm/train_data/284_T1_lin.nii.gz,
/vol/ciamspace/datasets/brats/brats_20/processed/registered_mni152_1mm/train_data/235_T1_lin.nii.gz,
/vol/ciamspace/datasets/brats/brats_20/processed/registered_mni152_1mm/train_data/223_T1_lin.nii.gz,
/vol/ciamspace/datasets/brats/brats_20/processed/registered_mni152_1mm/train_data/360_T1_lin.nii.gz,
/vol/ciamspace/datasets/brats/brats_20/processed/registered_mni152_1mm/train_data/282_T1_lin.nii.gz,
/vol/ciamspace/datasets/brats/brats_20/processed/registered_mni152_1mm/train_data/358_T1_lin.nii.gz,
/vol/ciamspace/datasets/brats/brats_20/processed/registered_mni152_1mm/train_data/59_T1_lin.nii.gz,
/vol/ciamspace/datasets/brats/brats_20/processed/registered_mni152_1mm/train_data/86_T1_lin.nii.gz,
/vol/ciamspace/datasets/brats/brats_20/processed/registered_mni152_1mm/train_data/123_T1_lin.nii.gz,
/vol/ciamspace/datasets/brats/brats_20/processed/registered_mni152_1mm/train_data/23_T1_lin.nii.gz,
/vol/ciamspace/datasets/brats/brats_20/processed/registered_mni152_1mm/train_data/187_T1_lin.nii.gz,
/vol/ciamspace/datasets/brats/brats_20/processed/registered_mni152_1mm/train_data/227_T1_lin.nii.gz,
/vol/ciamspace/datasets/brats/brats_20/processed/registered_mni152_1mm/train_data/317_T1_lin.nii.gz,
/vol/ciamspace/datasets/brats/brats_20/processed/registered_mni152_1mm/train_data/121_T1_lin.nii.gz,
/vol/ciamspace/datasets/brats/brats_20/processed/registered_mni152_1mm/train_data/146_T1_lin.nii.gz,
/vol/ciamspace/datasets/brats/brats_20/processed/registered_mni152_1mm/train_data/4_T1_lin.nii.gz,
/vol/ciamspace/datasets/brats/brats_20/processed/registered_mni152_1mm/train_data/58_T1_lin.nii.gz,
/vol/ciamspace/datasets/brats/brats_20/processed/registered_mni152_1mm/train_data/212_T1_lin.nii.gz,
/vol/ciamspace/datasets/brats/brats_20/processed/registered_mni152_1mm/train_data/255_T1_lin.nii.gz,
/vol/ciamspace/datasets/brats/brats_20/processed/registered_mni152_1mm/train_data/288_T1_lin.nii.gz,
/vol/ciamspace/datasets/brats/brats_20/processed/registered_mni152_1mm/train_data/165_T1_lin.nii.gz,
/vol/ciamspace/datasets/brats/brats_20/processed/registered_mni152_1mm/train_data/315_T1_lin.nii.gz,
/vol/ciamspace/datasets/brats/brats_20/processed/registered_mni152_1mm/train_data/26_T1_lin.nii.gz,
/vol/ciamspace/datasets/brats/brats_20/processed/registered_mni152_1mm/train_data/364_T1_lin.nii.gz,
/vol/ciamspace/datasets/brats/brats_20/processed/registered_mni152_1mm/train_data/103_T1_lin.nii.gz,
/vol/ciamspace/datasets/brats/brats_20/processed/registered_mni152_1mm/train_data/330_T1_lin.nii.gz,
/vol/ciamspace/datasets/brats/brats_20/processed/registered_mni152_1mm/train_data/213_T1_lin.nii.gz,
/vol/ciamspace/datasets/brats/brats_20/processed/registered_mni152_1mm/train_data/196_T1_lin.nii.gz,
/vol/ciamspace/datasets/brats/brats_20/processed/registered_mni152_1mm/train_data/127_T1_lin.nii.gz,
/vol/ciamspace/datasets/brats/brats_20/processed/registered_mni152_1mm/train_data/299_T1_lin.nii.gz,
/vol/ciamspace/datasets/brats/brats_20/processed/registered_mni152_1mm/train_data/191_T1_lin.nii.gz,
/vol/ciamspace/datasets/brats/brats_20/processed/registered_mni152_1mm/train_data/291_T1_lin.nii.gz,
/vol/ciamspace/datasets/brats/brats_20/processed/registered_mni152_1mm/train_data/110_T1_lin.nii.gz,
/vol/ciamspace/datasets/brats/brats_20/processed/registered_mni152_1mm/train_data/120_T1_lin.nii.gz,
/vol/ciamspace/datasets/brats/brats_20/processed/registered_mni152_1mm/train_data/163_T1_lin.nii.gz,
/vol/ciamspace/datasets/brats/brats_20/processed/registered_mni152_1mm/train_data/341_T1_lin.nii.gz,
/vol/ciamspace/datasets/brats/brats_20/processed/registered_mni152_1mm/train_data/75_T1_lin.nii.gz,
/vol/ciamspace/datasets/brats/brats_20/processed/registered_mni152_1mm/train_data/42_T1_lin.nii.gz,
/vol/ciamspace/datasets/brats/brats_20/processed/registered_mni152_1mm/train_data/335_T1_lin.nii.gz,
/vol/ciamspace/datasets/brats/brats_20/processed/registered_mni152_1mm/train_data/65_T1_lin.nii.gz,
/vol/ciamspace/datasets/brats/brats_20/processed/registered_mni152_1mm/train_data/62_T1_lin.nii.gz,
/vol/ciamspace/datasets/brats/brats_20/processed/registered_mni152_1mm/train_data/229_T1_lin.nii.gz,
/vol/ciamspace/datasets/brats/brats_20/processed/registered_mni152_1mm/train_data/171_T1_lin.nii.gz,
/vol/ciamspace/datasets/brats/brats_20/processed/registered_mni152_1mm/train_data/99_T1_lin.nii.gz,
/vol/ciamspace/datasets/brats/brats_20/processed/registered_mni152_1mm/train_data/225_T1_lin.nii.gz,
/vol/ciamspace/datasets/brats/brats_20/processed/registered_mni152_1mm/train_data/189_T1_lin.nii.gz,
/vol/ciamspace/datasets/brats/brats_20/processed/registered_mni152_1mm/train_data/193_T1_lin.nii.gz,
/vol/ciamspace/datasets/brats/brats_20/processed/registered_mni152_1mm/train_data/34_T1_lin.nii.gz,
/vol/ciamspace/datasets/brats/brats_20/processed/registered_mni152_1mm/train_data/64_T1_lin.nii.gz,
/vol/ciamspace/datasets/brats/brats_20/processed/registered_mni152_1mm/train_data/160_T1_lin.nii.gz,
/vol/ciamspace/datasets/brats/brats_20/processed/registered_mni152_1mm/train_data/151_T1_lin.nii.gz,
/vol/ciamspace/datasets/brats/brats_20/processed/registered_mni152_1mm/train_data/77_T1_lin.nii.gz,
/vol/ciamspace/datasets/brats/brats_20/processed/registered_mni152_1mm/train_data/78_T1_lin.nii.gz,
/vol/ciamspace/datasets/brats/brats_20/processed/registered_mni152_1mm/train_data/9_T1_lin.nii.gz,
/vol/ciamspace/datasets/brats/brats_20/processed/registered_mni152_1mm/train_data/2_T1_lin.nii.gz,
/vol/ciamspace/datasets/brats/brats_20/processed/registered_mni152_1mm/train_data/345_T1_lin.nii.gz,
/vol/ciamspace/datasets/brats/brats_20/processed/registered_mni152_1mm/train_data/109_T1_lin.nii.gz,
/vol/ciamspace/datasets/brats/brats_20/processed/registered_mni152_1mm/train_data/202_T1_lin.nii.gz,
/vol/ciamspace/datasets/brats/brats_20/processed/registered_mni152_1mm/train_data/147_T1_lin.nii.gz,
/vol/ciamspace/datasets/brats/brats_20/processed/registered_mni152_1mm/train_data/167_T1_lin.nii.gz,
/vol/ciamspace/datasets/brats/brats_20/processed/registered_mni152_1mm/train_data/173_T1_lin.nii.gz,
/vol/ciamspace/datasets/brats/brats_20/processed/registered_mni152_1mm/train_data/280_T1_lin.nii.gz,
/vol/ciamspace/datasets/brats/brats_20/processed/registered_mni152_1mm/train_data/136_T1_lin.nii.gz,
/vol/ciamspace/datasets/brats/brats_20/processed/registered_mni152_1mm/train_data/183_T1_lin.nii.gz,
/vol/ciamspace/datasets/brats/brats_20/processed/registered_mni152_1mm/train_data/138_T1_lin.nii.gz,
/vol/ciamspace/datasets/brats/brats_20/processed/registered_mni152_1mm/train_data/352_T1_lin.nii.gz,
/vol/ciamspace/datasets/brats/brats_20/processed/registered_mni152_1mm/train_data/362_T1_lin.nii.gz,
/vol/ciamspace/datasets/brats/brats_20/processed/registered_mni152_1mm/train_data/178_T1_lin.nii.gz,
/vol/ciamspace/datasets/brats/brats_20/processed/registered_mni152_1mm/train_data/124_T1_lin.nii.gz,
/vol/ciamspace/datasets/brats/brats_20/processed/registered_mni152_1mm/train_data/132_T1_lin.nii.gz,
/vol/ciamspace/datasets/brats/brats_20/processed/registered_mni152_1mm/train_data/56_T1_lin.nii.gz,
/vol/ciamspace/datasets/brats/brats_20/processed/registered_mni152_1mm/train_data/35_T1_lin.nii.gz,
/vol/ciamspace/datasets/brats/brats_20/processed/registered_mni152_1mm/train_data/252_T1_lin.nii.gz,
/vol/ciamspace/datasets/brats/brats_20/processed/registered_mni152_1mm/train_data/63_T1_lin.nii.gz,
/vol/ciamspace/datasets/brats/brats_20/processed/registered_mni152_1mm/train_data/241_T1_lin.nii.gz,
/vol/ciamspace/datasets/brats/brats_20/processed/registered_mni152_1mm/train_data/112_T1_lin.nii.gz,
/vol/ciamspace/datasets/brats/brats_20/processed/registered_mni152_1mm/train_data/106_T1_lin.nii.gz,
/vol/ciamspace/datasets/brats/brats_20/processed/registered_mni152_1mm/train_data/312_T1_lin.nii.gz,
/vol/ciamspace/datasets/brats/brats_20/processed/registered_mni152_1mm/train_data/262_T1_lin.nii.gz,
/vol/ciamspace/datasets/brats/brats_20/processed/registered_mni152_1mm/train_data/356_T1_lin.nii.gz,
/vol/ciamspace/datasets/brats/brats_20/processed/registered_mni152_1mm/train_data/258_T1_lin.nii.gz,
/vol/ciamspace/datasets/brats/brats_20/processed/registered_mni152_1mm/train_data/308_T1_lin.nii.gz,
/vol/ciamspace/datasets/brats/brats_20/processed/registered_mni152_1mm/train_data/300_T1_lin.nii.gz,
/vol/ciamspace/datasets/brats/brats_20/processed/registered_mni152_1mm/train_data/38_T1_lin.nii.gz,
/vol/ciamspace/datasets/brats/brats_20/processed/registered_mni152_1mm/train_data/250_T1_lin.nii.gz,
/vol/ciamspace/datasets/brats/brats_20/processed/registered_mni152_1mm/train_data/113_T1_lin.nii.gz,
/vol/ciamspace/datasets/brats/brats_20/processed/registered_mni152_1mm/train_data/152_T1_lin.nii.gz,
/vol/ciamspace/datasets/brats/brats_20/processed/registered_mni152_1mm/train_data/354_T1_lin.nii.gz,
/vol/ciamspace/datasets/brats/brats_20/processed/registered_mni152_1mm/train_data/302_T1_lin.nii.gz,
/vol/ciamspace/datasets/brats/brats_20/processed/registered_mni152_1mm/train_data/200_T1_lin.nii.gz,
/vol/ciamspace/datasets/brats/brats_20/processed/registered_mni152_1mm/train_data/207_T1_lin.nii.gz,
/vol/ciamspace/datasets/brats/brats_20/processed/registered_mni152_1mm/train_data/118_T1_lin.nii.gz,
/vol/ciamspace/datasets/brats/brats_20/processed/registered_mni152_1mm/train_data/334_T1_lin.nii.gz,
/vol/ciamspace/datasets/brats/brats_20/processed/registered_mni152_1mm/train_data/89_T1_lin.nii.gz,
/vol/ciamspace/datasets/brats/brats_20/processed/registered_mni152_1mm/train_data/318_T1_lin.nii.gz,
/vol/ciamspace/datasets/brats/brats_20/processed/registered_mni152_1mm/train_data/326_T1_lin.nii.gz,
/vol/ciamspace/datasets/brats/brats_20/processed/registered_mni152_1mm/train_data/324_T1_lin.nii.gz,
/vol/ciamspace/datasets/brats/brats_20/processed/registered_mni152_1mm/train_data/188_T1_lin.nii.gz,
/vol/ciamspace/datasets/brats/brats_20/processed/registered_mni152_1mm/train_data/141_T1_lin.nii.gz,
/vol/ciamspace/datasets/brats/brats_20/processed/registered_mni152_1mm/train_data/93_T1_lin.nii.gz,
/vol/ciamspace/datasets/brats/brats_20/processed/registered_mni152_1mm/train_data/79_T1_lin.nii.gz,
/vol/ciamspace/datasets/brats/brats_20/processed/registered_mni152_1mm/train_data/333_T1_lin.nii.gz,
/vol/ciamspace/datasets/brats/brats_20/processed/registered_mni152_1mm/train_data/135_T1_lin.nii.gz,
/vol/ciamspace/datasets/brats/brats_20/processed/registered_mni152_1mm/train_data/260_T1_lin.nii.gz,
/vol/ciamspace/datasets/brats/brats_20/processed/registered_mni152_1mm/train_data/323_T1_lin.nii.gz,
/vol/ciamspace/datasets/brats/brats_20/processed/registered_mni152_1mm/train_data/100_T1_lin.nii.gz,
/vol/ciamspace/datasets/brats/brats_20/processed/registered_mni152_1mm/train_data/325_T1_lin.nii.gz,
/vol/ciamspace/datasets/brats/brats_20/processed/registered_mni152_1mm/train_data/226_T1_lin.nii.gz,
/vol/ciamspace/datasets/brats/brats_20/processed/registered_mni152_1mm/train_data/40_T1_lin.nii.gz,
/vol/ciamspace/datasets/brats/brats_20/processed/registered_mni152_1mm/train_data/198_T1_lin.nii.gz,
/vol/ciamspace/datasets/brats/brats_20/processed/registered_mni152_1mm/train_data/228_T1_lin.nii.gz,
/vol/ciamspace/datasets/brats/brats_20/processed/registered_mni152_1mm/train_data/247_T1_lin.nii.gz,
/vol/ciamspace/datasets/brats/brats_20/processed/registered_mni152_1mm/train_data/218_T1_lin.nii.gz,
/vol/ciamspace/datasets/brats/brats_20/processed/registered_mni152_1mm/train_data/316_T1_lin.nii.gz,
/vol/ciamspace/datasets/brats/brats_20/processed/registered_mni152_1mm/train_data/102_T1_lin.nii.gz,
/vol/ciamspace/datasets/brats/brats_20/processed/registered_mni152_1mm/train_data/5_T1_lin.nii.gz,
/vol/ciamspace/datasets/brats/brats_20/processed/registered_mni152_1mm/train_data/83_T1_lin.nii.gz,
/vol/ciamspace/datasets/brats/brats_20/processed/registered_mni152_1mm/train_data/261_T1_lin.nii.gz,
/vol/ciamspace/datasets/brats/brats_20/processed/registered_mni152_1mm/train_data/263_T1_lin.nii.gz,
/vol/ciamspace/datasets/brats/brats_20/processed/registered_mni152_1mm/train_data/18_T1_lin.nii.gz,
/vol/ciamspace/datasets/brats/brats_20/processed/registered_mni152_1mm/train_data/39_T1_lin.nii.gz,
/vol/ciamspace/datasets/brats/brats_20/processed/registered_mni152_1mm/train_data/234_T1_lin.nii.gz,
/vol/ciamspace/datasets/brats/brats_20/processed/registered_mni152_1mm/train_data/145_T1_lin.nii.gz,
/vol/ciamspace/datasets/brats/brats_20/processed/registered_mni152_1mm/train_data/92_T1_lin.nii.gz,
/vol/ciamspace/datasets/brats/brats_20/processed/registered_mni152_1mm/train_data/265_T1_lin.nii.gz,
/vol/ciamspace/datasets/brats/brats_20/processed/registered_mni152_1mm/train_data/67_T1_lin.nii.gz,
/vol/ciamspace/datasets/brats/brats_20/processed/registered_mni152_1mm/train_data/31_T1_lin.nii.gz,
/vol/ciamspace/datasets/brats/brats_20/processed/registered_mni152_1mm/train_data/157_T1_lin.nii.gz,
/vol/ciamspace/datasets/brats/brats_20/processed/registered_mni152_1mm/train_data/43_T1_lin.nii.gz,
/vol/ciamspace/datasets/brats/brats_20/processed/registered_mni152_1mm/train_data/108_T1_lin.nii.gz,
/vol/ciamspace/datasets/brats/brats_20/processed/registered_mni152_1mm/train_data/158_T1_lin.nii.gz,
/vol/ciamspace/datasets/brats/brats_20/processed/registered_mni152_1mm/train_data/51_T1_lin.nii.gz,
/vol/ciamspace/datasets/brats/brats_20/processed/registered_mni152_1mm/train_data/368_T1_lin.nii.gz,
/vol/ciamspace/datasets/brats/brats_20/processed/registered_mni152_1mm/train_data/219_T1_lin.nii.gz,
/vol/ciamspace/datasets/brats/brats_20/processed/registered_mni152_1mm/train_data/243_T1_lin.nii.gz,
/vol/ciamspace/datasets/brats/brats_20/processed/registered_mni152_1mm/train_data/128_T1_lin.nii.gz,
/vol/ciamspace/datasets/brats/brats_20/processed/registered_mni152_1mm/train_data/159_T1_lin.nii.gz,
/vol/ciamspace/datasets/brats/brats_20/processed/registered_mni152_1mm/train_data/303_T1_lin.nii.gz,
/vol/ciamspace/datasets/brats/brats_20/processed/registered_mni152_1mm/train_data/331_T1_lin.nii.gz,
/vol/ciamspace/datasets/brats/brats_20/processed/registered_mni152_1mm/train_data/259_T1_lin.nii.gz,
/vol/ciamspace/datasets/brats/brats_20/processed/registered_mni152_1mm/train_data/72_T1_lin.nii.gz,
/vol/ciamspace/datasets/brats/brats_20/processed/registered_mni152_1mm/train_data/350_T1_lin.nii.gz,
/vol/ciamspace/datasets/brats/brats_20/processed/registered_mni152_1mm/train_data/52_T1_lin.nii.gz,
/vol/ciamspace/datasets/brats/brats_20/processed/registered_mni152_1mm/train_data/346_T1_lin.nii.gz,
/vol/ciamspace/datasets/brats/brats_20/processed/registered_mni152_1mm/train_data/87_T1_lin.nii.gz,
/vol/ciamspace/datasets/brats/brats_20/processed/registered_mni152_1mm/train_data/222_T1_lin.nii.gz,
/vol/ciamspace/datasets/brats/brats_20/processed/registered_mni152_1mm/train_data/169_T1_lin.nii.gz,
/vol/ciamspace/datasets/brats/brats_20/processed/registered_mni152_1mm/train_data/275_T1_lin.nii.gz,
/vol/ciamspace/datasets/brats/brats_20/processed/registered_mni152_1mm/train_data/233_T1_lin.nii.gz,
/vol/ciamspace/datasets/brats/brats_20/processed/registered_mni152_1mm/train_data/355_T1_lin.nii.gz,
/vol/ciamspace/datasets/brats/brats_20/processed/registered_mni152_1mm/train_data/47_T1_lin.nii.gz,
/vol/ciamspace/datasets/brats/brats_20/processed/registered_mni152_1mm/train_data/205_T1_lin.nii.gz,
/vol/ciamspace/datasets/brats/brats_20/processed/registered_mni152_1mm/train_data/290_T1_lin.nii.gz,
/vol/ciamspace/datasets/brats/brats_20/processed/registered_mni152_1mm/train_data/137_T1_lin.nii.gz,
/vol/ciamspace/datasets/brats/brats_20/processed/registered_mni152_1mm/train_data/22_T1_lin.nii.gz,
/vol/ciamspace/datasets/brats/brats_20/processed/registered_mni152_1mm/train_data/268_T1_lin.nii.gz,
/vol/ciamspace/datasets/brats/brats_20/processed/registered_mni152_1mm/train_data/327_T1_lin.nii.gz,
/vol/ciamspace/datasets/brats/brats_20/processed/registered_mni152_1mm/train_data/342_T1_lin.nii.gz,
/vol/ciamspace/datasets/brats/brats_20/processed/registered_mni152_1mm/train_data/349_T1_lin.nii.gz,
/vol/ciamspace/datasets/brats/brats_20/processed/registered_mni152_1mm/train_data/321_T1_lin.nii.gz,
/vol/ciamspace/datasets/brats/brats_20/processed/registered_mni152_1mm/train_data/73_T1_lin.nii.gz,
/vol/ciamspace/datasets/brats/brats_20/processed/registered_mni152_1mm/train_data/271_T1_lin.nii.gz,
/vol/ciamspace/datasets/brats/brats_20/processed/registered_mni152_1mm/train_data/19_T1_lin.nii.gz,
/vol/ciamspace/datasets/brats/brats_20/processed/registered_mni152_1mm/train_data/366_T1_lin.nii.gz,
/vol/ciamspace/datasets/brats/brats_20/processed/registered_mni152_1mm/train_data/332_T1_lin.nii.gz,
/vol/ciamspace/datasets/brats/brats_20/processed/registered_mni152_1mm/train_data/114_T1_lin.nii.gz,
/vol/ciamspace/datasets/brats/brats_20/processed/registered_mni152_1mm/train_data/320_T1_lin.nii.gz,
/vol/ciamspace/datasets/brats/brats_20/processed/registered_mni152_1mm/train_data/211_T1_lin.nii.gz,
/vol/ciamspace/datasets/brats/brats_20/processed/registered_mni152_1mm/train_data/204_T1_lin.nii.gz,
/vol/ciamspace/datasets/brats/brats_20/processed/registered_mni152_1mm/train_data/338_T1_lin.nii.gz,
/vol/ciamspace/datasets/brats/brats_20/processed/registered_mni152_1mm/train_data/314_T1_lin.nii.gz,
/vol/ciamspace/datasets/brats/brats_20/processed/registered_mni152_1mm/train_data/50_T1_lin.nii.gz,
/vol/ciamspace/datasets/brats/brats_20/processed/registered_mni152_1mm/train_data/297_T1_lin.nii.gz,
/vol/ciamspace/datasets/brats/brats_20/processed/registered_mni152_1mm/train_data/101_T1_lin.nii.gz,
/vol/ciamspace/datasets/brats/brats_20/processed/registered_mni152_1mm/train_data/236_T1_lin.nii.gz,
/vol/ciamspace/datasets/brats/brats_20/processed/registered_mni152_1mm/train_data/164_T1_lin.nii.gz,
/vol/ciamspace/datasets/brats/brats_20/processed/registered_mni152_1mm/train_data/206_T1_lin.nii.gz,
/vol/ciamspace/datasets/brats/brats_20/processed/registered_mni152_1mm/train_data/27_T1_lin.nii.gz,
/vol/ciamspace/datasets/brats/brats_20/processed/registered_mni152_1mm/train_data/181_T1_lin.nii.gz,
/vol/ciamspace/datasets/brats/brats_20/processed/registered_mni152_1mm/train_data/224_T1_lin.nii.gz,
/vol/ciamspace/datasets/brats/brats_20/processed/registered_mni152_1mm/train_data/10_T1_lin.nii.gz,
/vol/ciamspace/datasets/brats/brats_20/processed/registered_mni152_1mm/train_data/201_T1_lin.nii.gz,
/vol/ciamspace/datasets/brats/brats_20/processed/registered_mni152_1mm/train_data/238_T1_lin.nii.gz,
/vol/ciamspace/datasets/brats/brats_20/processed/registered_mni152_1mm/train_data/16_T1_lin.nii.gz,
/vol/ciamspace/datasets/brats/brats_20/processed/registered_mni152_1mm/train_data/46_T1_lin.nii.gz,
/vol/ciamspace/datasets/brats/brats_20/processed/registered_mni152_1mm/train_data/251_T1_lin.nii.gz,
/vol/ciamspace/datasets/brats/brats_20/processed/registered_mni152_1mm/train_data/184_T1_lin.nii.gz,
/vol/ciamspace/datasets/brats/brats_20/processed/registered_mni152_1mm/train_data/244_T1_lin.nii.gz,
/vol/ciamspace/datasets/brats/brats_20/processed/registered_mni152_1mm/train_data/329_T1_lin.nii.gz,
/vol/ciamspace/datasets/brats/brats_20/processed/registered_mni152_1mm/train_data/155_T1_lin.nii.gz